CustomerID,Age,Gender,Annual_Income_K,Spending_Score,Region,Purchase_Count,Last_Purchase_Days,Loyalty_Years,Satisfaction_Rating,Income_Group,Age_Group,High_Value
1001,56.0,Female,76.46,4.0,North,6.0,12.0,8.6,2.0,High,Senior,0
1002,45.0,Male,61.47,19.0,East,2.0,3.0,1.1,4.0,High,Middle Age,0
1003,46.0,Female,34.2,70.0,North,8.0,98.0,9.5,4.0,Medium,Middle Age,0
1004,32.0,Female,34.1,98.0,West,9.0,49.0,4.2,4.0,Medium,Young Adult,0
1005,60.0,Female,53.28,82.0,East,10.0,18.0,0.1,4.0,Medium,Senior,0
1006,25.0,Male,93.38,13.0,West,4.0,8.0,4.4,2.0,Very High,Youth,0
1007,38.0,Female,62.42,23.0,North,8.0,81.0,0.5,1.0,High,Middle Age,0
1008,56.0,Male,29.94,83.0,North,7.0,13.0,5.4,5.0,Low,Senior,0
1009,36.0,Male,55.09,75.0,West,7.0,5.0,3.4,2.0,Medium,Middle Age,0
1010,45.0,Male,54.55,1.0,North,4.0,25.0,4.7,4.0,Medium,Middle Age,0
1011,28.0,Male,6.06,88.0,North,8.0,86.0,6.1,4.0,Low,Young Adult,0
1012,28.0,Male,58.91,54.0,North,13.0,0.0,8.7,3.0,Medium,Young Adult,0
1013,41.0,Female,55.38,71.0,North,11.0,8.0,6.6,4.0,Medium,Middle Age,0
1014,53.0,Male,73.92,89.0,West,4.0,84.0,4.3,2.0,High,Senior,1
1015,57.0,Female,96.98,85.0,South,8.0,6.0,8.2,4.0,Very High,Senior,1
1016,41.0,Male,82.53,15.0,South,6.0,4.0,9.1,3.0,High,Middle Age,0
1017,20.0,Female,54.62,65.0,South,4.0,25.0,1.2,5.0,Medium,Youth,0
1018,39.0,Female,37.87,76.0,West,5.0,59.0,5.3,3.0,Medium,Middle Age,0
1019,19.0,Male,111.47,71.0,West,12.0,19.0,2.8,4.0,Very High,Youth,1
1020,41.0,Female,61.18,15.0,North,9.0,156.0,0.5,4.0,High,Middle Age,0
1021,61.0,Female,60.28,21.0,North,7.0,34.0,6.7,3.0,High,Senior,0
1022,47.0,Female,59.52,19.0,North,11.0,2.0,8.6,5.0,Medium,Middle Age,0
1023,45.0,Female,63.96,60.0,West,10.0,148.0,1.6,3.0,High,Middle Age,0
1024,19.0,Male,57.11,93.0,West,11.0,16.0,8.1,4.0,Medium,Youth,0
1025,38.0,Female,48.53,89.0,South,13.0,10.0,8.5,3.0,Medium,Middle Age,0
1026,50.0,Female,49.06,33.0,North,9.0,24.0,9.1,4.0,Medium,Middle Age,0
1027,29.0,Female,59.34,49.0,North,7.0,11.0,2.7,2.0,Medium,Young Adult,0
1028,39.0,Female,49.13,96.0,North,5.0,3.0,9.0,4.0,Medium,Middle Age,0
1029,61.0,Female,45.74,35.0,South,8.0,0.0,3.2,3.0,Medium,Senior,0
1030,42.0,Male,62.13,44.0,West,9.0,18.0,5.5,5.0,High,Middle Age,0
1031,66.0,Male,54.9,90.0,West,6.0,54.0,0.5,3.0,Medium,Senior,0
1032,44.0,Female,90.08,11.0,South,7.0,25.0,0.4,5.0,Very High,Middle Age,0
1033,59.0,Male,6.98,99.0,South,7.0,214.0,7.2,5.0,Low,Senior,0
1034,45.0,Female,81.83,72.0,North,10.0,10.0,4.4,3.0,High,Middle Age,1
1035,33.0,Female,84.92,78.0,West,10.0,10.0,2.6,4.0,High,Young Adult,1
1036,45.0,Female,18.53,74.0,West,6.0,5.0,1.9,2.0,Low,Middle Age,0
1037,64.0,Female,53.15,66.0,West,4.0,5.0,6.7,4.0,Medium,Senior,0
1038,68.0,Female,62.42,46.0,East,4.0,10.0,0.0,5.0,High,Senior,0
1039,61.0,Female,31.85,9.0,North,4.0,47.0,8.1,4.0,Medium,Senior,0
1040,69.0,Female,44.44,3.0,North,9.0,71.0,0.8,4.0,Medium,Senior,0
1041,20.0,Female,37.79,85.0,West,7.0,111.0,1.9,3.0,Medium,Youth,0
1042,54.0,Female,95.05,26.0,South,8.0,8.0,3.9,4.0,Very High,Senior,0
1043,68.0,Female,78.71,72.0,North,8.0,64.0,4.8,2.0,High,Senior,1
1044,24.0,Female,85.43,48.0,West,12.0,12.0,3.5,5.0,High,Youth,0
1045,38.0,Male,74.43,66.0,East,10.0,4.0,3.2,4.0,High,Middle Age,0
1046,45.0,Male,37.42,70.0,West,4.0,61.0,9.6,5.0,Medium,Middle Age,0
1047,56.0,Male,49.51,28.0,North,3.0,30.0,6.4,3.0,Medium,Senior,0
1048,35.0,Male,69.79,93.0,West,5.0,5.0,0.2,3.0,High,Young Adult,1
1049,21.0,Male,35.56,26.0,North,8.0,17.0,4.3,3.0,Medium,Youth,0
1050,42.0,Female,74.26,25.0,South,5.0,10.0,8.8,1.0,High,Middle Age,0
1051,31.0,Male,55.19,12.0,North,4.0,40.0,3.0,3.0,Medium,Young Adult,0
1052,67.0,Male,52.5,5.0,South,10.0,18.0,0.9,5.0,Medium,Senior,0
1053,26.0,Female,74.22,98.0,South,6.0,136.0,7.6,5.0,High,Young Adult,1
1054,43.0,Male,68.89,48.0,East,10.0,2.0,6.1,4.0,High,Middle Age,0
1055,19.0,Female,52.78,37.0,East,11.0,13.0,5.7,4.0,Medium,Youth,0
1056,37.0,Male,83.19,79.0,West,5.0,20.0,0.5,1.0,High,Middle Age,1
1057,45.0,Male,38.38,44.0,North,8.0,21.0,1.4,5.0,Medium,Middle Age,0
1058,64.0,Female,72.32,100.0,South,6.0,11.0,6.2,1.0,High,Senior,1
1059,24.0,Female,71.86,15.0,North,9.0,39.0,2.1,4.0,High,Youth,0
1060,61.0,Female,53.81,43.0,North,11.0,62.0,5.0,4.0,Medium,Senior,0
1061,25.0,Male,66.52,48.0,South,13.0,84.0,5.4,3.0,High,Youth,0
1062,64.0,Female,34.98,87.0,West,4.0,49.0,2.8,4.0,Medium,Senior,0
1063,52.0,Male,78.48,70.0,South,8.0,57.0,9.5,1.0,High,Senior,0
1064,45.0,Male,56.3,46.0,North,5.0,24.0,8.4,4.0,Medium,Middle Age,0
1065,34.0,Male,49.55,43.0,South,11.0,52.0,7.2,4.0,Medium,Young Adult,0
1066,45.0,Female,80.98,21.0,North,8.0,11.0,0.8,3.0,High,Middle Age,0
1067,45.0,Female,45.91,23.0,North,3.0,15.0,1.1,4.0,Medium,Middle Age,0
1068,57.0,Female,62.42,80.0,South,10.0,11.0,4.9,4.0,High,Senior,1
1069,21.0,Female,28.87,47.0,West,12.0,19.0,1.6,5.0,Low,Youth,0
1070,45.0,Male,72.12,15.0,East,8.0,10.0,9.8,1.0,High,Middle Age,0
1071,23.0,Male,34.39,25.0,North,8.0,98.0,1.6,4.0,Medium,Youth,0
1072,59.0,Female,95.1,36.0,West,2.0,11.0,4.9,3.0,Very High,Senior,0
1073,45.0,Female,18.36,75.0,West,6.0,3.0,3.6,3.0,Low,Middle Age,0
1074,46.0,Female,93.93,51.0,West,2.0,22.0,6.4,3.0,Very High,Middle Age,0
1075,45.0,Male,64.22,15.0,North,11.0,2.0,1.3,1.0,High,Middle Age,0
1076,43.0,Male,58.07,68.0,East,11.0,4.0,4.3,2.0,Medium,Middle Age,0
1077,61.0,Male,49.1,21.0,North,8.0,7.0,2.7,4.0,Medium,Senior,0
1078,51.0,Female,67.98,13.0,North,14.0,19.0,8.9,3.0,High,Senior,0
1079,27.0,Female,59.25,86.0,North,13.0,17.0,0.4,2.0,Medium,Young Adult,0
1080,53.0,Female,82.07,46.0,North,2.0,48.0,9.1,2.0,High,Senior,0
1081,31.0,Male,62.28,34.0,North,12.0,40.0,8.3,5.0,High,Young Adult,0
1082,48.0,Female,63.01,78.0,West,7.0,17.0,3.0,5.0,High,Middle Age,1
1083,65.0,Female,52.73,68.0,North,9.0,12.0,7.9,3.0,Medium,Senior,0
1084,45.0,Male,58.86,52.0,South,6.0,11.0,0.3,1.0,Medium,Middle Age,0
1085,25.0,Female,66.16,27.0,East,8.0,45.0,9.7,3.0,High,Youth,0
1086,31.0,Male,25.8,29.0,North,9.0,2.0,5.3,2.0,Low,Young Adult,0
1087,40.0,Male,33.04,28.0,West,7.0,0.0,3.0,2.0,Medium,Middle Age,0
1088,57.0,Female,74.87,35.0,East,8.0,48.0,3.6,4.0,High,Senior,0
1089,38.0,Female,63.42,8.0,East,6.0,19.0,0.7,3.0,High,Middle Age,0
1090,33.0,Female,56.32,16.0,East,7.0,4.0,9.9,4.0,Medium,Young Adult,0
1091,62.0,Female,60.37,36.0,South,10.0,8.0,0.4,3.0,High,Senior,0
1092,35.0,Female,66.95,30.0,East,9.0,81.0,6.5,4.0,High,Young Adult,0
1093,64.0,Male,49.2,18.0,West,9.0,59.0,4.4,4.0,Medium,Senior,0
1094,41.0,Male,44.43,2.0,South,2.0,37.0,9.5,4.0,Medium,Middle Age,0
1095,43.0,Female,63.92,49.0,West,6.0,20.0,2.5,4.0,High,Middle Age,0
1096,42.0,Male,40.43,77.0,West,9.0,22.0,5.3,4.0,Medium,Middle Age,0
1097,62.0,Male,68.17,4.0,North,8.0,111.0,4.8,4.0,High,Senior,0
1098,58.0,Male,25.95,90.0,East,8.0,101.0,7.0,5.0,Low,Senior,0
1099,46.0,Male,80.58,89.0,North,8.0,7.0,0.7,4.0,High,Middle Age,1
1100,45.0,Female,69.45,94.0,South,11.0,50.0,1.9,5.0,High,Middle Age,1
1101,62.0,Male,65.12,75.0,West,6.0,7.0,2.1,4.0,High,Senior,1
1102,18.0,Female,79.65,7.0,North,8.0,7.0,7.4,3.0,High,Youth,0
1103,42.0,Female,93.31,95.0,North,7.0,34.0,1.9,4.0,Very High,Middle Age,1
1104,24.0,Female,80.29,74.0,East,11.0,16.0,5.7,2.0,High,Youth,1
1105,26.0,Female,23.18,39.0,North,8.0,80.0,2.2,3.0,Low,Young Adult,0
1106,41.0,Male,34.41,13.0,South,11.0,3.0,8.6,4.0,Medium,Middle Age,0
1107,18.0,Male,47.5,31.0,East,2.0,21.0,9.4,3.0,Medium,Youth,0
1108,61.0,Male,60.52,46.0,West,5.0,75.0,5.2,5.0,High,Senior,0
1109,25.0,Female,70.35,63.0,West,5.0,70.0,3.5,3.0,High,Youth,0
1110,41.0,Male,45.49,56.0,North,6.0,5.0,2.3,4.0,Medium,Middle Age,0
1111,28.0,Male,63.74,42.0,South,12.0,14.0,0.5,4.0,High,Young Adult,0
1112,68.0,Male,44.89,61.0,West,8.0,29.0,2.7,4.0,Medium,Senior,0
1113,45.0,Male,47.77,42.0,East,7.0,5.0,6.5,4.0,Medium,Middle Age,0
1114,25.0,Female,62.42,56.0,North,7.0,103.0,5.3,5.0,High,Youth,0
1115,52.0,Male,41.54,36.0,West,13.0,74.0,9.4,4.0,Medium,Senior,0
1116,52.0,Male,32.97,84.0,North,9.0,5.0,4.0,4.0,Medium,Senior,0
1117,50.0,Male,40.48,68.0,West,8.0,4.0,6.9,2.0,Medium,Middle Age,0
1118,22.0,Female,81.07,7.0,South,8.0,3.0,4.9,4.0,High,Youth,0
1119,59.0,Female,62.42,54.0,North,4.0,72.0,5.1,5.0,High,Senior,0
1120,56.0,Female,112.65,1.0,South,10.0,6.0,2.7,4.0,Very High,Senior,0
1121,58.0,Female,69.87,44.0,South,13.0,16.0,4.5,5.0,High,Senior,0
1122,45.0,Female,62.42,45.0,North,6.0,18.0,4.7,4.0,High,Middle Age,0
1123,24.0,Female,62.42,47.0,South,9.0,27.0,7.1,2.0,High,Youth,0
1124,26.0,Male,74.01,13.0,South,9.0,2.0,9.4,1.0,High,Young Adult,0
1125,25.0,Female,48.49,22.0,North,9.0,8.0,3.3,3.0,Medium,Youth,0
1126,29.0,Male,62.44,21.0,South,3.0,80.0,0.4,4.0,High,Young Adult,0
1127,51.0,Male,62.42,86.0,East,8.0,72.0,5.0,5.0,High,Senior,1
1128,50.0,Female,58.08,92.0,West,9.0,46.0,5.4,3.0,Medium,Middle Age,0
1129,65.0,Female,82.99,9.0,South,7.0,1.0,1.7,4.0,High,Senior,0
1130,40.0,Female,62.42,26.0,East,6.0,12.0,7.6,4.0,High,Middle Age,0
1131,41.0,Male,59.3,9.0,South,4.0,30.0,9.8,4.0,Medium,Middle Age,0
1132,54.0,Female,95.42,15.0,East,16.0,10.0,9.5,3.0,Very High,Senior,0
1133,52.0,Male,47.46,10.0,West,11.0,72.0,2.0,2.0,Medium,Senior,0
1134,61.0,Female,96.25,88.0,North,9.0,30.0,8.8,3.0,Very High,Senior,1
1135,57.0,Male,74.16,42.0,West,7.0,2.0,7.0,2.0,High,Senior,0
1136,39.0,Male,48.75,72.0,South,13.0,72.0,4.5,3.0,Medium,Middle Age,0
1137,44.0,Male,72.65,24.0,West,4.0,95.0,5.4,1.0,High,Middle Age,0
1138,45.0,Female,79.45,80.0,North,10.0,2.0,8.5,4.0,High,Middle Age,1
1139,18.0,Male,72.44,49.0,East,8.0,23.0,4.8,3.0,High,Youth,0
1140,52.0,Female,28.6,26.0,East,8.0,11.0,3.7,4.0,Low,Senior,0
1141,54.0,Female,45.46,91.0,West,5.0,15.0,4.9,3.0,Medium,Senior,0
1142,64.0,Female,55.05,37.0,North,9.0,6.0,5.8,3.0,Medium,Senior,0
1143,45.0,Male,58.51,68.0,East,5.0,26.0,1.9,4.0,Medium,Middle Age,0
1144,20.0,Female,72.41,50.0,East,6.0,95.0,9.0,1.0,High,Youth,0
1145,18.0,Male,63.55,24.0,East,8.0,21.0,6.7,5.0,High,Youth,0
1146,22.0,Female,33.29,19.0,West,5.0,3.0,6.3,1.0,Medium,Youth,0
1147,43.0,Male,67.6,100.0,West,13.0,29.0,1.0,4.0,High,Middle Age,1
1148,45.0,Female,72.21,60.0,North,8.0,12.0,6.0,5.0,High,Middle Age,0
1149,56.0,Male,71.2,39.0,South,9.0,58.0,1.2,4.0,High,Senior,0
1150,44.0,Female,81.62,74.0,North,6.0,17.0,0.8,4.0,High,Middle Age,1
1151,26.0,Female,76.68,89.0,East,9.0,6.0,5.3,4.0,High,Young Adult,1
1152,32.0,Female,69.18,18.0,North,9.0,6.0,4.0,4.0,High,Young Adult,0
1153,32.0,Male,58.6,19.0,North,3.0,44.0,5.9,4.0,Medium,Young Adult,0
1154,43.0,Female,26.78,36.0,South,7.0,9.0,0.9,1.0,Low,Middle Age,0
1155,59.0,Female,68.59,74.0,West,8.0,44.0,4.3,2.0,High,Senior,1
1156,30.0,Female,64.15,97.0,West,8.0,7.0,1.7,4.0,High,Young Adult,1
1157,68.0,Female,65.43,55.0,West,7.0,12.0,9.9,4.0,High,Senior,0
1158,49.0,Female,34.47,69.0,East,6.0,19.0,5.6,5.0,Medium,Middle Age,0
1159,56.0,Female,38.38,47.0,East,5.0,86.0,6.9,2.0,Medium,Senior,0
1160,66.0,Female,81.06,49.0,North,10.0,81.0,3.3,5.0,High,Senior,0
1161,69.0,Female,62.42,46.0,South,5.0,7.0,0.9,3.0,High,Senior,0
1162,49.0,Female,73.63,98.0,East,8.0,13.0,9.8,4.0,High,Middle Age,1
1163,21.0,Male,60.57,33.0,North,8.0,5.0,2.9,3.0,High,Youth,0
1164,47.0,Male,60.6,21.0,South,8.0,21.0,4.2,4.0,High,Middle Age,0
1165,45.0,Female,78.77,81.0,East,6.0,19.0,6.5,3.0,High,Middle Age,1
1166,40.0,Female,49.68,22.0,West,8.0,69.0,0.2,4.0,Medium,Middle Age,0
1167,56.0,Female,61.92,48.0,North,7.0,80.0,8.1,5.0,High,Senior,0
1168,62.0,Female,50.75,37.0,North,10.0,15.0,5.4,4.0,Medium,Senior,0
1169,32.0,Male,62.42,15.0,West,7.0,20.0,2.8,4.0,High,Young Adult,0
1170,60.0,Male,53.82,46.0,East,8.0,68.0,0.6,5.0,Medium,Senior,0
1171,46.0,Female,64.44,92.0,West,9.0,49.0,1.6,5.0,High,Middle Age,1
1172,53.0,Female,50.43,71.0,West,8.0,0.0,9.0,4.0,Medium,Senior,0
1173,30.0,Female,85.12,32.0,North,6.0,12.0,6.9,3.0,High,Young Adult,0
1174,49.0,Male,42.11,11.0,East,9.0,16.0,2.5,5.0,Medium,Middle Age,0
1175,24.0,Female,56.26,10.0,North,7.0,8.0,0.7,4.0,Medium,Youth,0
1176,68.0,Female,51.21,73.0,South,8.0,7.0,6.9,3.0,Medium,Senior,0
1177,39.0,Female,62.42,78.0,East,11.0,1.0,5.7,3.0,High,Middle Age,1
1178,45.0,Female,63.93,77.0,East,7.0,31.0,4.0,5.0,High,Middle Age,1
1179,19.0,Male,62.42,57.0,North,9.0,9.0,3.6,1.0,High,Youth,0
1180,59.0,Female,30.29,25.0,South,8.0,2.0,2.2,4.0,Medium,Senior,0
1181,62.0,Female,65.34,2.0,South,6.0,8.0,6.7,2.0,High,Senior,0
1182,23.0,Male,77.79,64.0,North,6.0,49.0,9.7,5.0,High,Youth,0
1183,45.0,Female,61.65,35.0,North,14.0,57.0,1.8,4.0,High,Middle Age,0
1184,45.0,Female,81.31,7.0,North,12.0,20.0,6.0,4.0,High,Middle Age,0
1185,61.0,Female,49.65,85.0,South,5.0,16.0,4.2,5.0,Medium,Senior,0
1186,61.0,Male,88.19,18.0,East,12.0,114.0,4.5,4.0,High,Senior,0
1187,37.0,Female,105.98,67.0,South,8.0,7.0,2.5,4.0,Very High,Middle Age,0
1188,47.0,Female,52.74,42.0,North,8.0,7.0,8.3,1.0,Medium,Middle Age,0
1189,28.0,Female,51.09,46.0,South,4.0,10.0,4.9,1.0,Medium,Young Adult,0
1190,45.0,Female,89.07,41.0,East,5.0,6.0,5.4,3.0,High,Middle Age,0
1191,42.0,Male,91.59,75.0,South,5.0,14.0,3.0,4.0,Very High,Middle Age,1
1192,56.0,Male,49.54,24.0,North,8.0,73.0,1.8,2.0,Medium,Senior,0
1193,45.0,Female,51.6,60.0,North,7.0,29.0,0.9,2.0,Medium,Middle Age,0
1194,18.0,Female,54.36,46.0,North,9.0,16.0,7.1,4.0,Medium,Youth,0
1195,44.0,Female,33.11,46.0,East,7.0,82.0,2.0,4.0,Medium,Middle Age,0
1196,69.0,Male,41.63,68.0,East,6.0,1.0,6.9,5.0,Medium,Senior,0
1197,30.0,Female,39.92,90.0,North,7.0,7.0,3.9,3.0,Medium,Young Adult,0
1198,58.0,Female,44.64,42.0,North,4.0,25.0,4.2,2.0,Medium,Senior,0
1199,20.0,Female,59.31,32.0,West,9.0,29.0,4.7,4.0,Medium,Youth,0
1200,56.0,Female,62.42,39.0,East,10.0,1.0,3.7,3.0,High,Senior,0
1201,23.0,Female,91.01,36.0,East,11.0,15.0,1.0,5.0,Very High,Youth,0
1202,25.0,Female,40.03,97.0,West,11.0,31.0,3.1,5.0,Medium,Youth,0
1203,44.0,Female,62.42,36.0,West,8.0,36.0,6.6,5.0,High,Middle Age,0
1204,26.0,Male,55.72,3.0,North,10.0,30.0,6.7,3.0,Medium,Young Adult,0
1205,54.0,Male,62.42,73.0,West,9.0,12.0,2.9,5.0,High,Senior,1
1206,45.0,Female,73.5,8.0,North,8.0,3.0,4.6,5.0,High,Middle Age,0
1207,68.0,Female,37.55,97.0,West,3.0,17.0,1.9,4.0,Medium,Senior,0
1208,59.0,Female,67.65,70.0,West,5.0,4.0,2.1,3.0,High,Senior,0
1209,61.0,Female,63.33,41.0,North,7.0,88.0,0.2,3.0,High,Senior,0
1210,41.0,Female,69.85,68.0,North,7.0,19.0,9.0,2.0,High,Middle Age,0
1211,32.0,Male,65.78,13.0,North,8.0,11.0,2.1,4.0,High,Young Adult,0
1212,49.0,Female,109.11,49.0,South,5.0,44.0,2.3,4.0,Very High,Middle Age,0
1213,49.0,Female,47.25,60.0,South,7.0,21.0,2.8,4.0,Medium,Middle Age,0
1214,41.0,Male,49.38,2.0,South,7.0,11.0,1.3,4.0,Medium,Middle Age,0
1215,58.0,Female,47.54,60.0,North,7.0,50.0,6.4,4.0,Medium,Senior,0
1216,45.0,Male,62.42,5.0,South,7.0,61.0,0.8,4.0,High,Middle Age,0
1217,45.0,Female,47.25,44.0,South,10.0,34.0,1.3,4.0,Medium,Middle Age,0
1218,66.0,Female,83.78,27.0,West,7.0,1.0,6.4,3.0,High,Senior,0
1219,69.0,Male,88.41,32.0,East,9.0,25.0,3.4,4.0,High,Senior,0
1220,29.0,Female,48.59,21.0,West,7.0,43.0,7.1,2.0,Medium,Young Adult,0
1221,56.0,Female,43.35,8.0,North,5.0,4.0,5.6,4.0,Medium,Senior,0
1222,19.0,Female,69.43,72.0,East,8.0,8.0,2.6,5.0,High,Youth,1
1223,20.0,Male,48.96,50.0,North,12.0,64.0,6.5,4.0,Medium,Youth,0
1224,66.0,Female,72.66,67.0,North,4.0,1.0,1.2,3.0,High,Senior,0
1225,45.0,Female,64.06,44.0,North,9.0,42.0,5.4,4.0,High,Middle Age,0
1226,66.0,Male,29.69,58.0,North,7.0,19.0,4.4,2.0,Low,Senior,0
1227,34.0,Female,90.95,3.0,East,9.0,18.0,2.7,4.0,Very High,Young Adult,0
1228,66.0,Female,95.92,86.0,East,10.0,0.0,6.0,2.0,Very High,Senior,1
1229,19.0,Female,47.74,70.0,South,6.0,51.0,8.7,5.0,Medium,Youth,0
1230,19.0,Female,52.25,2.0,South,11.0,13.0,10.0,4.0,Medium,Youth,0
1231,45.0,Female,65.72,87.0,North,8.0,23.0,6.1,4.0,High,Middle Age,1
1232,40.0,Female,66.69,44.0,West,9.0,34.0,4.0,5.0,High,Middle Age,0
1233,54.0,Male,73.17,2.0,North,9.0,36.0,2.3,3.0,High,Senior,0
1234,49.0,Male,100.2,81.0,East,7.0,94.0,2.6,1.0,Very High,Middle Age,1
1235,50.0,Male,56.46,35.0,North,7.0,23.0,4.8,5.0,Medium,Middle Age,0
1236,18.0,Female,44.03,98.0,North,8.0,15.0,3.7,3.0,Medium,Youth,0
1237,36.0,Male,32.41,87.0,East,12.0,92.0,9.1,2.0,Medium,Middle Age,0
1238,19.0,Male,45.38,30.0,South,7.0,31.0,3.7,4.0,Medium,Youth,0
1239,61.0,Male,59.34,8.0,West,8.0,11.0,3.7,4.0,Medium,Senior,0
1240,43.0,Male,95.89,22.0,North,8.0,4.0,3.8,1.0,Very High,Middle Age,0
1241,49.0,Female,49.65,44.0,South,7.0,55.0,8.4,3.0,Medium,Middle Age,0
1242,23.0,Female,64.48,58.0,West,7.0,13.0,6.5,1.0,High,Youth,0
1243,49.0,Female,59.67,36.0,North,5.0,32.0,6.1,4.0,Medium,Middle Age,0
1244,21.0,Female,83.77,69.0,East,7.0,19.0,3.3,5.0,High,Youth,0
1245,28.0,Female,110.54,77.0,East,6.0,7.0,8.2,4.0,Very High,Young Adult,1
1246,45.0,Male,49.38,93.0,North,7.0,28.0,0.4,4.0,Medium,Middle Age,0
1247,55.0,Female,50.21,31.0,West,7.0,2.0,8.7,3.0,Medium,Senior,0
1248,41.0,Male,80.88,47.0,South,11.0,16.0,5.1,4.0,High,Middle Age,0
1249,22.0,Female,73.64,55.0,North,10.0,24.0,4.0,4.0,High,Youth,0
1250,69.0,Female,96.93,80.0,North,8.0,17.0,5.0,3.0,Very High,Senior,1
1251,51.0,Female,71.68,62.0,South,11.0,41.0,6.7,4.0,High,Senior,0
1252,23.0,Female,52.81,30.0,South,7.0,53.0,0.1,5.0,Medium,Youth,0
1253,39.0,Male,71.81,55.0,South,11.0,44.0,8.7,5.0,High,Middle Age,0
1254,28.0,Female,82.17,16.0,East,4.0,1.0,4.5,5.0,High,Young Adult,0
1255,65.0,Female,76.41,12.0,East,6.0,6.0,3.4,3.0,High,Senior,0
1256,33.0,Male,70.15,17.0,North,8.0,23.0,1.4,3.0,High,Young Adult,0
1257,50.0,Female,81.33,16.0,South,12.0,82.0,4.4,4.0,High,Middle Age,0
1258,26.0,Female,83.39,12.0,West,6.0,54.0,5.0,3.0,High,Young Adult,0
1259,23.0,Female,87.64,8.0,North,6.0,55.0,4.0,4.0,High,Youth,0
1260,33.0,Male,72.97,84.0,West,8.0,11.0,6.8,5.0,High,Young Adult,1
1261,46.0,Female,56.66,3.0,East,10.0,17.0,4.2,5.0,Medium,Middle Age,0
1262,20.0,Male,62.93,16.0,North,9.0,19.0,9.6,4.0,High,Youth,0
1263,37.0,Male,84.13,30.0,East,13.0,5.0,6.0,5.0,High,Middle Age,0
1264,45.0,Male,43.66,23.0,East,8.0,1.0,8.1,5.0,Medium,Middle Age,0
1265,36.0,Male,67.37,92.0,North,8.0,88.0,1.1,4.0,High,Middle Age,1
1266,43.0,Male,52.13,5.0,North,10.0,8.0,4.0,3.0,Medium,Middle Age,0
1267,20.0,Male,60.57,46.0,North,11.0,8.0,3.4,3.0,High,Youth,0
1268,36.0,Female,85.57,65.0,West,13.0,3.0,5.7,3.0,High,Middle Age,0
1269,45.0,Male,63.82,30.0,East,6.0,79.0,8.6,2.0,High,Middle Age,0
1270,49.0,Male,62.42,21.0,East,12.0,26.0,0.8,3.0,High,Middle Age,0
1271,24.0,Female,32.8,84.0,West,7.0,33.0,0.7,3.0,Medium,Youth,0
1272,69.0,Female,74.93,70.0,East,9.0,73.0,8.5,4.0,High,Senior,0
1273,58.0,Female,72.91,22.0,North,5.0,13.0,2.1,4.0,High,Senior,0
1274,50.0,Male,103.27,82.0,East,8.0,29.0,6.7,2.0,Very High,Middle Age,1
1275,57.0,Male,53.84,72.0,North,10.0,1.0,5.4,5.0,Medium,Senior,0
1276,56.0,Male,64.38,32.0,East,9.0,6.0,8.3,4.0,High,Senior,0
1277,35.0,Male,62.42,33.0,North,2.0,53.0,1.3,2.0,High,Young Adult,0
1278,45.0,Male,91.55,16.0,West,8.0,44.0,1.3,4.0,Very High,Middle Age,0
1279,18.0,Male,58.09,76.0,South,7.0,13.0,5.6,4.0,Medium,Youth,0
1280,28.0,Male,65.58,38.0,South,4.0,14.0,9.5,4.0,High,Young Adult,0
1281,45.0,Male,72.16,98.0,North,8.0,23.0,4.1,5.0,High,Middle Age,1
1282,42.0,Female,63.73,14.0,South,13.0,0.0,3.3,3.0,High,Middle Age,0
1283,67.0,Male,51.07,46.0,West,5.0,8.0,6.1,4.0,Medium,Senior,0
1284,40.0,Female,63.88,97.0,East,4.0,7.0,9.3,1.0,High,Middle Age,1
1285,48.0,Female,81.47,23.0,South,9.0,9.0,8.4,5.0,High,Middle Age,0
1286,47.0,Female,39.47,66.0,South,4.0,49.0,10.0,4.0,Medium,Middle Age,0
1287,59.0,Male,62.66,85.0,South,6.0,10.0,0.2,4.0,High,Senior,1
1288,52.0,Male,46.0,2.0,South,8.0,6.0,1.1,3.0,Medium,Senior,0
1289,24.0,Female,83.9,91.0,South,11.0,21.0,6.1,4.0,High,Youth,1
1290,33.0,Male,29.54,73.0,East,8.0,60.0,8.2,5.0,Low,Young Adult,0
1291,43.0,Female,48.82,65.0,North,4.0,8.0,2.9,4.0,Medium,Middle Age,0
1292,65.0,Female,67.54,75.0,West,6.0,2.0,2.4,4.0,High,Senior,1
1293,69.0,Male,91.31,67.0,North,9.0,13.0,7.9,4.0,Very High,Senior,0
1294,66.0,Male,58.68,52.0,North,9.0,41.0,0.6,5.0,Medium,Senior,0
1295,19.0,Female,48.9,62.0,East,6.0,24.0,3.7,4.0,Medium,Youth,0
1296,18.0,Male,62.42,23.0,North,10.0,51.0,5.1,5.0,High,Youth,0
1297,65.0,Male,31.04,26.0,East,6.0,96.0,5.6,5.0,Medium,Senior,0
1298,29.0,Male,16.02,68.0,East,4.0,47.0,7.3,4.0,Low,Young Adult,0
1299,22.0,Female,68.8,82.0,North,4.0,28.0,3.5,3.0,High,Youth,1
1300,54.0,Female,49.96,55.0,West,8.0,20.0,6.1,4.0,Medium,Senior,0
1301,49.0,Female,39.58,6.0,North,9.0,1.0,5.9,5.0,Medium,Middle Age,0
1302,26.0,Female,74.17,35.0,South,10.0,125.0,5.5,3.0,High,Young Adult,0
1303,58.0,Female,64.88,22.0,West,13.0,15.0,6.4,4.0,High,Senior,0
1304,52.0,Male,48.72,43.0,North,11.0,5.0,2.6,5.0,Medium,Senior,0
1305,36.0,Male,34.39,15.0,South,8.0,33.0,0.8,4.0,Medium,Middle Age,0
1306,65.0,Male,77.45,86.0,East,11.0,10.0,1.2,4.0,High,Senior,1
1307,33.0,Male,62.42,60.0,South,1.0,26.0,2.2,3.0,High,Young Adult,0
1308,20.0,Female,58.02,12.0,West,14.0,27.0,5.0,2.0,Medium,Youth,0
1309,37.0,Female,96.93,49.0,East,10.0,18.0,8.4,5.0,Very High,Middle Age,0
1310,41.0,Female,38.6,42.0,West,9.0,54.0,7.0,2.0,Medium,Middle Age,0
1311,50.0,Male,29.49,38.0,West,10.0,9.0,7.9,3.0,Low,Middle Age,0
1312,41.0,Female,46.16,82.0,South,6.0,18.0,3.5,5.0,Medium,Middle Age,0
1313,69.0,Female,59.09,45.0,North,12.0,23.0,4.0,3.0,Medium,Senior,0
1314,28.0,Male,64.87,35.0,East,6.0,33.0,3.9,4.0,High,Young Adult,0
1315,66.0,Male,55.18,30.0,North,11.0,46.0,1.9,4.0,Medium,Senior,0
1316,25.0,Female,67.04,88.0,West,7.0,15.0,0.6,3.0,High,Youth,1
1317,53.0,Male,34.97,30.0,West,7.0,31.0,5.9,1.0,Medium,Senior,0
1318,55.0,Male,88.88,78.0,South,7.0,5.0,9.9,5.0,High,Senior,1
1319,57.0,Male,58.36,6.0,South,3.0,81.0,1.7,4.0,Medium,Senior,0
1320,37.0,Male,82.35,67.0,North,5.0,14.0,0.5,2.0,High,Middle Age,0
1321,52.0,Male,66.85,80.0,South,7.0,39.0,7.8,5.0,High,Senior,1
1322,65.0,Female,69.14,7.0,North,14.0,1.0,2.5,1.0,High,Senior,0
1323,42.0,Female,71.4,52.0,North,9.0,7.0,8.3,5.0,High,Middle Age,0
1324,52.0,Female,68.95,14.0,South,4.0,20.0,7.0,2.0,High,Senior,0
1325,45.0,Male,72.85,73.0,North,12.0,63.0,9.5,2.0,High,Middle Age,1
1326,46.0,Female,86.58,15.0,South,9.0,22.0,4.1,3.0,High,Middle Age,0
1327,35.0,Male,63.93,21.0,West,5.0,80.0,6.6,4.0,High,Young Adult,0
1328,63.0,Female,74.18,35.0,North,5.0,20.0,4.6,4.0,High,Senior,0
1329,35.0,Female,58.21,66.0,East,7.0,20.0,6.3,5.0,Medium,Young Adult,0
1330,19.0,Male,88.8,91.0,West,13.0,4.0,4.5,4.0,High,Youth,1
1331,52.0,Female,46.47,2.0,North,10.0,49.0,1.9,3.0,Medium,Senior,0
1332,33.0,Male,62.42,35.0,South,10.0,9.0,5.1,3.0,High,Young Adult,0
1333,58.0,Male,59.2,82.0,North,5.0,69.0,5.3,4.0,Medium,Senior,0
1334,53.0,Female,31.38,78.0,East,7.0,73.0,8.1,4.0,Medium,Senior,0
1335,50.0,Female,62.56,20.0,North,8.0,86.0,7.4,4.0,High,Middle Age,0
1336,21.0,Female,46.38,82.0,East,11.0,22.0,6.6,3.0,Medium,Youth,0
1337,50.0,Female,76.81,10.0,North,7.0,34.0,1.1,4.0,High,Middle Age,0
1338,31.0,Female,46.95,25.0,West,9.0,45.0,7.2,3.0,Medium,Young Adult,0
1339,45.0,Female,51.08,66.0,West,7.0,4.0,5.0,4.0,Medium,Middle Age,0
1340,65.0,Male,22.21,25.0,North,8.0,28.0,8.9,1.0,Low,Senior,0
1341,37.0,Male,50.95,54.0,South,6.0,1.0,9.2,4.0,Medium,Middle Age,0
1342,25.0,Male,62.42,33.0,East,2.0,21.0,0.6,3.0,High,Youth,0
1343,24.0,Male,28.32,36.0,North,6.0,5.0,8.2,4.0,Low,Youth,0
1344,20.0,Male,75.21,95.0,North,6.0,6.0,0.4,4.0,High,Youth,1
1345,34.0,Male,75.72,14.0,East,12.0,14.0,3.7,4.0,High,Young Adult,0
1346,50.0,Male,68.51,65.0,East,5.0,17.0,5.4,4.0,High,Middle Age,0
1347,65.0,Male,40.66,80.0,West,5.0,29.0,1.5,5.0,Medium,Senior,0
1348,29.0,Female,59.05,54.0,South,6.0,2.0,7.5,4.0,Medium,Young Adult,0
1349,68.0,Male,59.93,52.0,North,8.0,21.0,0.1,5.0,Medium,Senior,0
1350,39.0,Female,36.83,3.0,West,9.0,6.0,1.7,3.0,Medium,Middle Age,0
1351,39.0,Female,90.07,99.0,North,12.0,26.0,5.8,4.0,Very High,Middle Age,1
1352,63.0,Female,77.55,41.0,South,10.0,30.0,7.1,4.0,High,Senior,0
1353,47.0,Male,55.58,6.0,North,5.0,24.0,9.2,4.0,Medium,Middle Age,0
1354,55.0,Female,60.54,25.0,East,10.0,40.0,7.1,4.0,High,Senior,0
1355,55.0,Female,64.17,13.0,West,12.0,12.0,6.7,3.0,High,Senior,0
1356,62.0,Female,19.17,98.0,South,4.0,43.0,3.9,2.0,Low,Senior,0
1357,68.0,Female,55.06,8.0,East,8.0,17.0,0.0,3.0,Medium,Senior,0
1358,45.0,Male,46.36,21.0,North,8.0,20.0,1.2,2.0,Medium,Middle Age,0
1359,44.0,Male,39.97,98.0,East,8.0,31.0,5.3,4.0,Medium,Middle Age,0
1360,44.0,Female,54.38,68.0,South,6.0,1.0,6.8,4.0,Medium,Middle Age,0
1361,45.0,Female,95.95,25.0,East,6.0,32.0,4.2,4.0,Very High,Middle Age,0
1362,38.0,Female,72.82,79.0,North,8.0,29.0,7.3,5.0,High,Middle Age,1
1363,47.0,Female,62.42,68.0,South,9.0,11.0,5.2,2.0,High,Middle Age,0
1364,50.0,Male,71.45,45.0,North,11.0,3.0,0.7,5.0,High,Middle Age,0
1365,45.0,Male,87.99,60.0,West,11.0,3.0,1.9,5.0,High,Middle Age,0
1366,64.0,Male,78.49,12.0,North,6.0,77.0,8.4,4.0,High,Senior,0
1367,50.0,Male,61.19,32.0,North,8.0,35.0,7.2,4.0,High,Middle Age,0
1368,45.0,Female,47.06,96.0,South,10.0,4.0,8.9,4.0,Medium,Middle Age,0
1369,45.0,Female,73.96,92.0,North,6.0,13.0,1.2,4.0,High,Middle Age,1
1370,36.0,Male,67.87,13.0,South,7.0,27.0,9.9,4.0,High,Middle Age,0
1371,21.0,Male,77.9,31.0,East,6.0,54.0,2.1,2.0,High,Youth,0
1372,52.0,Female,72.7,78.0,West,8.0,1.0,0.1,3.0,High,Senior,1
1373,66.0,Male,80.99,20.0,West,8.0,8.0,10.0,4.0,High,Senior,0
1374,34.0,Female,49.3,18.0,West,13.0,66.0,2.8,4.0,Medium,Young Adult,0
1375,61.0,Male,86.35,93.0,South,5.0,0.0,6.7,5.0,High,Senior,1
1376,45.0,Female,63.95,46.0,North,9.0,7.0,1.8,4.0,High,Middle Age,0
1377,47.0,Female,62.42,63.0,East,8.0,96.0,5.8,4.0,High,Middle Age,0
1378,46.0,Male,46.22,6.0,North,11.0,29.0,9.0,1.0,Medium,Middle Age,0
1379,63.0,Male,94.72,32.0,West,7.0,9.0,3.2,5.0,Very High,Senior,0
1380,23.0,Male,62.42,93.0,North,8.0,2.0,6.7,4.0,High,Youth,1
1381,52.0,Male,46.97,43.0,West,4.0,1.0,1.9,3.0,Medium,Senior,0
1382,58.0,Female,50.32,2.0,South,7.0,8.0,6.2,4.0,Medium,Senior,0
1383,54.0,Male,53.59,60.0,West,8.0,64.0,3.4,5.0,Medium,Senior,0
1384,41.0,Female,68.48,23.0,North,12.0,16.0,2.1,5.0,High,Middle Age,0
1385,46.0,Male,70.46,83.0,North,8.0,38.0,3.1,4.0,High,Middle Age,1
1386,66.0,Female,48.53,31.0,South,7.0,75.0,1.8,3.0,Medium,Senior,0
1387,63.0,Male,59.51,5.0,South,9.0,16.0,9.0,4.0,Medium,Senior,0
1388,48.0,Female,102.85,83.0,North,9.0,6.0,4.0,4.0,Very High,Middle Age,1
1389,52.0,Female,94.55,34.0,South,10.0,22.0,2.5,4.0,Very High,Senior,0
1390,50.0,Female,68.73,10.0,West,4.0,72.0,4.5,3.0,High,Middle Age,0
1391,69.0,Male,60.76,89.0,West,5.0,49.0,3.2,5.0,High,Senior,1
1392,38.0,Female,62.4,2.0,East,10.0,2.0,7.4,3.0,High,Middle Age,0
1393,49.0,Female,72.27,11.0,South,13.0,35.0,9.7,3.0,High,Middle Age,0
1394,40.0,Female,62.42,50.0,South,13.0,25.0,4.4,4.0,High,Middle Age,0
1395,45.0,Male,54.85,31.0,North,7.0,71.0,8.6,3.0,Medium,Middle Age,0
1396,20.0,Male,26.63,56.0,South,8.0,4.0,5.7,4.0,Low,Youth,0
1397,35.0,Female,62.42,79.0,West,6.0,23.0,1.6,2.0,High,Young Adult,1
1398,42.0,Male,72.94,73.0,North,10.0,63.0,6.9,4.0,High,Middle Age,1
1399,59.0,Male,62.42,87.0,South,8.0,16.0,5.1,3.0,High,Senior,1
1400,48.0,Male,91.48,83.0,West,5.0,20.0,6.5,1.0,Very High,Middle Age,1
1401,20.0,Female,35.48,9.0,West,8.0,2.0,8.9,2.0,Medium,Youth,0
1402,57.0,Female,30.71,99.0,West,13.0,10.0,4.4,4.0,Medium,Senior,0
1403,63.0,Male,64.49,21.0,South,3.0,12.0,9.0,5.0,High,Senior,0
1404,41.0,Male,80.94,73.0,North,10.0,87.0,7.5,3.0,High,Middle Age,1
1405,67.0,Male,93.68,28.0,West,1.0,10.0,4.9,5.0,Very High,Senior,0
1406,49.0,Male,50.82,62.0,East,5.0,19.0,6.0,4.0,Medium,Middle Age,0
1407,64.0,Male,81.57,7.0,North,10.0,33.0,3.3,4.0,High,Senior,0
1408,39.0,Female,59.23,80.0,East,8.0,5.0,9.8,4.0,Medium,Middle Age,0
1409,40.0,Female,56.55,16.0,East,11.0,20.0,6.7,4.0,Medium,Middle Age,0
1410,19.0,Female,77.67,97.0,South,6.0,40.0,0.4,2.0,High,Youth,1
1411,44.0,Female,73.05,4.0,East,9.0,60.0,3.3,4.0,High,Middle Age,0
1412,59.0,Female,28.47,4.0,South,11.0,30.0,6.2,4.0,Low,Senior,0
1413,19.0,Female,89.53,40.0,North,8.0,33.0,0.6,4.0,High,Youth,0
1414,43.0,Female,87.6,17.0,North,6.0,4.0,0.2,3.0,High,Middle Age,0
1415,34.0,Female,47.49,52.0,East,4.0,87.0,4.5,2.0,Medium,Young Adult,0
1416,45.0,Female,67.92,93.0,North,10.0,4.0,3.3,5.0,High,Middle Age,1
1417,50.0,Female,69.88,52.0,West,13.0,45.0,4.4,4.0,High,Middle Age,0
1418,26.0,Male,65.21,36.0,North,6.0,9.0,2.6,4.0,High,Young Adult,0
1419,60.0,Male,48.99,38.0,South,6.0,81.0,1.6,4.0,Medium,Senior,0
1420,65.0,Female,62.42,50.0,South,8.0,38.0,6.9,1.0,High,Senior,0
1421,56.0,Male,62.42,63.0,South,8.0,42.0,5.1,3.0,High,Senior,0
1422,46.0,Female,83.45,63.0,North,10.0,7.0,2.0,4.0,High,Middle Age,0
1423,59.0,Female,70.87,62.0,West,7.0,18.0,3.2,3.0,High,Senior,0
1424,43.0,Female,52.59,99.0,North,8.0,29.0,5.9,3.0,Medium,Middle Age,0
1425,52.0,Female,75.43,7.0,North,8.0,44.0,0.7,4.0,High,Senior,0
1426,67.0,Female,3.03,27.0,North,13.0,3.0,1.5,5.0,Low,Senior,0
1427,42.0,Male,82.98,92.0,West,8.0,98.0,0.7,2.0,High,Middle Age,1
1428,41.0,Female,25.21,86.0,South,6.0,66.0,8.1,4.0,Low,Middle Age,0
1429,30.0,Female,52.75,14.0,North,9.0,9.0,7.5,5.0,Medium,Young Adult,0
1430,24.0,Male,37.61,71.0,South,6.0,52.0,7.5,3.0,Medium,Youth,0
1431,53.0,Male,34.11,86.0,South,7.0,22.0,7.2,5.0,Medium,Senior,0
1432,62.0,Male,83.22,5.0,North,6.0,19.0,6.7,4.0,High,Senior,0
1433,37.0,Female,62.42,55.0,West,12.0,11.0,4.8,4.0,High,Middle Age,0
1434,18.0,Female,66.93,2.0,East,4.0,26.0,6.4,5.0,High,Youth,0
1435,25.0,Female,59.06,62.0,North,7.0,39.0,0.4,4.0,Medium,Youth,0
1436,63.0,Male,69.54,91.0,South,6.0,16.0,6.2,2.0,High,Senior,1
1437,33.0,Male,61.54,21.0,North,10.0,30.0,7.8,4.0,High,Young Adult,0
1438,31.0,Male,34.34,79.0,East,3.0,36.0,5.0,4.0,Medium,Young Adult,0
1439,29.0,Male,62.42,21.0,South,7.0,37.0,3.6,4.0,High,Young Adult,0
1440,68.0,Male,50.12,10.0,East,6.0,2.0,2.8,4.0,Medium,Senior,0
1441,40.0,Male,28.87,87.0,South,7.0,59.0,6.4,2.0,Low,Middle Age,0
1442,32.0,Female,51.44,58.0,South,5.0,18.0,6.9,4.0,Medium,Young Adult,0
1443,45.0,Male,90.02,39.0,West,10.0,9.0,8.7,4.0,Very High,Middle Age,0
1444,51.0,Female,77.0,5.0,North,8.0,8.0,3.4,3.0,High,Senior,0
1445,19.0,Male,53.03,65.0,North,8.0,20.0,7.7,5.0,Medium,Youth,0
1446,49.0,Female,53.01,13.0,South,7.0,65.0,5.6,5.0,Medium,Middle Age,0
1447,40.0,Male,53.57,85.0,West,6.0,14.0,8.8,4.0,Medium,Middle Age,0
1448,39.0,Female,101.53,90.0,East,14.0,42.0,5.3,3.0,Very High,Middle Age,1
1449,45.0,Male,67.64,85.0,South,9.0,3.0,5.2,4.0,High,Middle Age,1
1450,42.0,Female,68.6,53.0,North,7.0,19.0,5.8,3.0,High,Middle Age,0
1451,39.0,Male,62.42,82.0,North,8.0,144.0,7.5,3.0,High,Middle Age,1
1452,39.0,Male,64.78,45.0,South,8.0,44.0,9.6,5.0,High,Middle Age,0
1453,45.0,Male,54.82,32.0,West,12.0,7.0,0.7,1.0,Medium,Middle Age,0
1454,69.0,Male,56.07,36.0,North,10.0,21.0,0.5,2.0,Medium,Senior,0
1455,59.0,Male,58.57,81.0,East,11.0,8.0,9.4,1.0,Medium,Senior,0
1456,23.0,Female,59.26,99.0,North,9.0,16.0,5.3,3.0,Medium,Youth,0
1457,32.0,Female,74.55,60.0,South,5.0,45.0,6.1,2.0,High,Young Adult,0
1458,60.0,Female,61.04,11.0,East,6.0,44.0,4.8,4.0,High,Senior,0
1459,54.0,Male,74.65,63.0,North,8.0,8.0,0.9,3.0,High,Senior,0
1460,50.0,Male,58.39,21.0,North,6.0,77.0,7.7,2.0,Medium,Middle Age,0
1461,25.0,Male,61.57,52.0,East,10.0,27.0,7.5,3.0,High,Youth,0
1462,61.0,Female,20.04,55.0,North,10.0,14.0,3.1,4.0,Low,Senior,0
1463,61.0,Female,78.33,26.0,North,7.0,21.0,3.1,4.0,High,Senior,0
1464,22.0,Female,66.93,68.0,North,8.0,28.0,8.4,4.0,High,Youth,0
1465,56.0,Female,79.96,34.0,West,8.0,25.0,0.7,5.0,High,Senior,0
1466,21.0,Female,2.07,52.0,North,8.0,20.0,8.8,4.0,Low,Youth,0
1467,23.0,Male,101.77,82.0,South,8.0,21.0,2.6,3.0,Very High,Youth,1
1468,62.0,Female,57.21,99.0,East,12.0,6.0,5.9,3.0,Medium,Senior,0
1469,49.0,Female,82.16,93.0,East,5.0,50.0,9.4,4.0,High,Middle Age,1
1470,69.0,Female,39.2,52.0,East,6.0,23.0,6.8,3.0,Medium,Senior,0
1471,47.0,Male,72.26,29.0,South,9.0,4.0,4.1,4.0,High,Middle Age,0
1472,64.0,Female,38.93,38.0,East,8.0,44.0,6.9,3.0,Medium,Senior,0
1473,52.0,Female,47.52,42.0,West,13.0,81.0,3.4,4.0,Medium,Senior,0
1474,57.0,Female,98.28,21.0,West,5.0,88.0,2.8,2.0,Very High,Senior,0
1475,69.0,Female,56.19,42.0,South,8.0,14.0,10.0,3.0,Medium,Senior,0
1476,33.0,Female,64.35,13.0,East,4.0,4.0,7.5,4.0,High,Young Adult,0
1477,30.0,Male,77.4,64.0,West,3.0,22.0,6.4,4.0,High,Young Adult,0
1478,67.0,Male,69.91,17.0,West,13.0,4.0,3.6,4.0,High,Senior,0
1479,59.0,Female,63.01,9.0,East,8.0,82.0,0.5,4.0,High,Senior,0
1480,47.0,Female,67.3,41.0,West,7.0,6.0,0.3,3.0,High,Middle Age,0
1481,36.0,Female,108.07,1.0,South,10.0,9.0,5.5,2.0,Very High,Middle Age,0
1482,34.0,Male,58.85,2.0,East,7.0,16.0,7.6,2.0,Medium,Young Adult,0
1483,36.0,Female,64.02,60.0,North,8.0,14.0,5.4,3.0,High,Middle Age,0
1484,45.0,Female,81.01,48.0,South,8.0,47.0,8.4,3.0,High,Middle Age,0
1485,43.0,Female,82.11,29.0,East,7.0,18.0,0.3,3.0,High,Middle Age,0
1486,54.0,Male,83.74,97.0,West,8.0,6.0,3.7,5.0,High,Senior,1
1487,43.0,Female,72.77,10.0,North,8.0,9.0,2.4,1.0,High,Middle Age,0
1488,45.0,Female,37.14,58.0,West,9.0,21.0,4.5,4.0,Medium,Middle Age,0
1489,26.0,Male,92.67,60.0,West,6.0,5.0,0.7,4.0,Very High,Young Adult,0
1490,45.0,Female,37.07,21.0,East,8.0,28.0,9.5,4.0,Medium,Middle Age,0
1491,18.0,Female,66.05,28.0,West,11.0,25.0,2.2,4.0,High,Youth,0
1492,18.0,Female,44.91,75.0,North,12.0,38.0,9.2,3.0,Medium,Youth,0
1493,64.0,Female,58.72,34.0,South,7.0,83.0,4.3,3.0,Medium,Senior,0
1494,51.0,Female,66.58,8.0,South,9.0,73.0,9.9,5.0,High,Senior,0
1495,49.0,Male,66.43,59.0,East,6.0,88.0,5.5,5.0,High,Middle Age,0
1496,65.0,Male,68.44,86.0,North,9.0,8.0,9.3,3.0,High,Senior,1
1497,42.0,Female,92.27,72.0,North,5.0,4.0,0.1,2.0,Very High,Middle Age,1
1498,57.0,Male,69.07,49.0,South,13.0,11.0,7.5,5.0,High,Senior,0
1499,62.0,Male,55.12,79.0,North,12.0,68.0,9.0,3.0,Medium,Senior,0
1500,18.0,Female,79.28,17.0,South,8.0,107.0,1.4,4.0,High,Youth,0
