Age,Monthly_Income,Loan_Amount,Loan_Term_Months,Credit_Score,Employment_Type,Num_Dependents,Existing_Loans,Education,Property_Area,Loan_to_Income_Ratio,Default
60,111400.0,1198000.0,12,583,Salaried,0,3,Graduate,Urban,0.8962,0
50,48100.0,846000.0,36,536,Self-Employed,3,3,Graduate,Semi-Urban,0.4886,0
36,51200.0,939000.0,12,493,Business,3,0,Not Graduate,Semi-Urban,1.5283,0
64,30500.0,378000.0,48,586,Salaried,4,2,Graduate,Rural,0.2582,0
29,33200.0,1278000.0,36,435,Self-Employed,3,0,Graduate,Rural,1.0693,0
42,16300.0,672000.0,36,470,Business,1,3,Not Graduate,Urban,1.1452,0
60,50400.0,254000.0,24,458,Business,3,0,Graduate,Urban,0.21,0
40,171600.0,1013000.0,24,500,Self-Employed,4,0,Graduate,Rural,0.246,0
44,29500.0,363000.0,12,786,Salaried,4,0,Graduate,Semi-Urban,1.0254,0
32,217100.0,191000.0,36,803,Salaried,4,2,Graduate,Urban,0.0244,0
32,99400.0,1300000.0,24,670,Salaried,0,3,Graduate,Semi-Urban,0.5449,0
45,38700.0,717000.0,48,402,Self-Employed,1,3,Not Graduate,Semi-Urban,0.386,0
57,49700.0,1136000.0,24,424,Salaried,0,2,Graduate,Rural,0.9524,0
61,45800.0,471000.0,24,612,Business,2,0,Not Graduate,Semi-Urban,0.4285,0
45,115000.0,1191000.0,36,757,Salaried,1,0,Not Graduate,Urban,0.2877,0
24,63500.0,212000.0,36,529,Salaried,3,1,Graduate,Rural,0.0927,0
43,88500.0,566000.0,60,496,Salaried,4,1,Graduate,Semi-Urban,0.1066,0
23,58600.0,1468000.0,48,722,Self-Employed,2,1,Graduate,Semi-Urban,0.5219,0
45,46400.0,1201000.0,36,470,Salaried,1,2,Not Graduate,Urban,0.719,1
51,57700.0,771000.0,12,681,Salaried,0,3,Not Graduate,Semi-Urban,1.1135,0
59,40000.0,543000.0,48,472,Salaried,4,1,Graduate,Urban,0.2828,0
23,23700.0,1315000.0,48,752,Salaried,0,3,Not Graduate,Urban,1.1559,0
42,73600.0,840000.0,36,649,Salaried,1,3,Graduate,Semi-Urban,0.317,0
54,23100.0,1150000.0,48,793,Business,1,3,Not Graduate,Urban,1.0372,0
33,42900.0,1143000.0,36,303,Salaried,2,2,Graduate,Semi-Urban,0.7401,0
43,39300.0,76000.0,24,392,Salaried,3,2,Graduate,Urban,0.0806,0
46,67600.0,233000.0,60,305,Business,0,2,Not Graduate,Semi-Urban,0.0574,0
48,107200.0,1006000.0,24,587,Business,2,2,Graduate,Urban,0.391,0
63,89500.0,284000.0,36,445,Self-Employed,4,1,Graduate,Urban,0.0881,0
49,68600.0,420000.0,36,723,Salaried,3,0,Graduate,Urban,0.1701,0
37,35800.0,1423000.0,24,756,Business,2,0,Graduate,Rural,1.6562,1
36,44700.0,862000.0,12,501,Business,0,0,Graduate,Rural,1.607,0
24,41600.0,1139000.0,12,511,Self-Employed,1,1,Not Graduate,Urban,2.2817,0
58,38700.0,859000.0,12,305,Salaried,4,0,Graduate,Rural,1.8497,0
28,40100.0,851000.0,36,675,Self-Employed,0,1,Graduate,Semi-Urban,0.5895,0
42,39600.0,187000.0,48,746,Self-Employed,3,1,Not Graduate,Rural,0.0984,0
30,38700.0,548000.0,36,405,Salaried,3,1,Graduate,Urban,0.3933,0
60,78900.0,460000.0,48,700,Salaried,1,0,Graduate,Semi-Urban,0.1215,0
39,28900.0,617000.0,24,395,Business,1,3,Not Graduate,Urban,0.8896,0
25,34000.0,1208000.0,60,687,Self-Employed,4,0,Not Graduate,Urban,0.5922,0
46,22200.0,589000.0,48,751,Salaried,4,0,Graduate,Rural,0.5527,0
35,99500.0,705000.0,12,715,Self-Employed,1,2,Not Graduate,Semi-Urban,0.5905,0
30,32900.0,626000.0,36,803,Salaried,1,1,Graduate,Urban,0.5285,0
47,68200.0,185000.0,24,753,Salaried,3,3,Not Graduate,Urban,0.113,1
23,62200.0,690000.0,12,590,Self-Employed,1,2,Graduate,Semi-Urban,0.9244,0
41,94800.0,334000.0,24,833,Salaried,2,3,Not Graduate,Semi-Urban,0.1468,0
49,44100.0,321000.0,60,492,Salaried,0,3,Graduate,Urban,0.1213,0
28,30500.0,186000.0,36,449,Business,1,1,Not Graduate,Rural,0.1694,0
29,22500.0,567000.0,36,814,Salaried,4,0,Not Graduate,Urban,0.7,0
56,12200.0,1148000.0,60,692,Salaried,2,1,Not Graduate,Urban,1.5683,0
35,53100.0,451000.0,36,615,Business,4,1,Graduate,Rural,0.2359,0
38,72200.0,503000.0,48,375,Self-Employed,2,2,Graduate,Urban,0.1451,0
57,62100.0,982000.0,24,569,Self-Employed,1,1,Graduate,Urban,0.6589,0
61,22800.0,334000.0,12,524,Business,0,0,Not Graduate,Semi-Urban,1.2208,0
25,82400.0,1351000.0,60,829,Salaried,4,3,Graduate,Rural,0.2733,0
23,34600.0,804000.0,48,412,Self-Employed,2,1,Not Graduate,Urban,0.4841,0
27,31100.0,699000.0,12,550,Salaried,3,3,Not Graduate,Rural,1.873,0
63,34200.0,859000.0,12,532,Business,1,1,Graduate,Rural,2.0931,0
25,51000.0,291000.0,60,382,Salaried,0,3,Not Graduate,Urban,0.0951,0
50,23300.0,940000.0,48,424,Self-Employed,1,1,Graduate,Semi-Urban,0.8405,0
39,48100.0,576000.0,12,474,Salaried,3,2,Graduate,Urban,0.9979,0
47,60800.0,1351000.0,12,368,Salaried,0,3,Graduate,Semi-Urban,1.8517,0
55,85300.0,295000.0,48,346,Self-Employed,3,1,Graduate,Rural,0.072,0
31,53500.0,785000.0,36,555,Self-Employed,1,1,Not Graduate,Rural,0.4076,0
57,25100.0,917000.0,12,329,Self-Employed,2,2,Graduate,Urban,3.0445,0
35,52800.0,98000.0,24,580,Salaried,1,2,Graduate,Semi-Urban,0.0773,0
52,28900.0,577000.0,48,536,Salaried,1,2,Not Graduate,Semi-Urban,0.4159,0
36,28000.0,1112000.0,12,547,Self-Employed,1,3,Not Graduate,Urban,3.3095,0
29,24800.0,1240000.0,60,667,Business,4,3,Graduate,Urban,0.8333,0
35,18900.0,504000.0,24,794,Self-Employed,3,2,Not Graduate,Urban,1.1111,0
44,36900.0,1208000.0,12,324,Business,3,0,Graduate,Semi-Urban,2.7281,0
61,86200.0,1453000.0,24,789,Business,3,0,Graduate,Semi-Urban,0.7023,1
42,151500.0,1292000.0,24,793,Self-Employed,4,1,Graduate,Urban,0.3553,0
37,36800.0,221000.0,36,613,Self-Employed,2,0,Graduate,Rural,0.1668,0
39,84400.0,1123000.0,24,674,Business,1,1,Not Graduate,Rural,0.5544,0
45,40200.0,514000.0,36,324,Self-Employed,2,3,Graduate,Semi-Urban,0.3552,0
47,21500.0,1483000.0,48,633,Business,4,3,Not Graduate,Urban,1.437,0
46,69600.0,754000.0,36,654,Self-Employed,3,0,Graduate,Semi-Urban,0.3009,0
62,55100.0,228000.0,60,415,Self-Employed,1,3,Graduate,Urban,0.069,0
50,121700.0,1102000.0,12,347,Salaried,0,2,Not Graduate,Urban,0.7546,0
36,22800.0,518000.0,48,398,Salaried,0,2,Not Graduate,Semi-Urban,0.4733,0
22,198400.0,1496000.0,48,758,Business,2,0,Graduate,Urban,0.1571,0
46,108600.0,1471000.0,60,822,Self-Employed,3,0,Graduate,Urban,0.2258,0
28,48600.0,1001000.0,36,704,Self-Employed,0,1,Graduate,Urban,0.5721,0
30,42200.0,238000.0,12,513,Business,2,3,Graduate,Urban,0.47,0
45,34300.0,1046000.0,36,802,Self-Employed,4,1,Not Graduate,Urban,0.8471,0
22,51800.0,185000.0,24,747,Salaried,2,1,Not Graduate,Rural,0.1488,0
29,44700.0,93000.0,36,557,Self-Employed,2,2,Graduate,Urban,0.0578,0
45,63400.0,1243000.0,48,420,Self-Employed,2,2,Not Graduate,Urban,0.4085,0
32,42300.0,354000.0,12,353,Salaried,1,2,Graduate,Urban,0.6974,0
38,99500.0,600000.0,36,630,Salaried,2,2,Graduate,Rural,0.1675,1
29,52200.0,1462000.0,12,540,Salaried,2,1,Graduate,Semi-Urban,2.334,0
56,43100.0,538000.0,12,829,Salaried,1,2,Graduate,Urban,1.0402,0
56,81800.0,480000.0,24,782,Salaried,1,3,Graduate,Rural,0.2445,0
54,21800.0,1381000.0,24,486,Salaried,4,2,Graduate,Urban,2.6395,0
26,58100.0,211000.0,48,561,Salaried,3,2,Graduate,Urban,0.0757,0
63,49700.0,1151000.0,60,663,Salaried,0,2,Graduate,Urban,0.386,0
60,24200.0,1483000.0,12,790,Salaried,0,0,Not Graduate,Urban,5.1067,1
62,20900.0,1357000.0,60,730,Self-Employed,2,3,Graduate,Urban,1.0821,0
49,81200.0,995000.0,48,538,Business,4,3,Graduate,Semi-Urban,0.2553,1
28,79300.0,505000.0,12,603,Self-Employed,2,1,Not Graduate,Urban,0.5307,0
30,53400.0,419000.0,12,597,Salaried,0,1,Not Graduate,Semi-Urban,0.6539,0
29,115700.0,1238000.0,60,375,Salaried,1,2,Not Graduate,Urban,0.1783,0
33,61100.0,1326000.0,36,632,Salaried,3,0,Graduate,Urban,0.6028,0
55,91600.0,812000.0,24,773,Salaried,4,1,Graduate,Semi-Urban,0.3694,1
54,60500.0,404000.0,36,582,Salaried,1,1,Graduate,Rural,0.1855,0
44,42700.0,214000.0,60,371,Salaried,3,2,Graduate,Urban,0.0835,0
45,28900.0,176000.0,24,562,Salaried,4,2,Not Graduate,Semi-Urban,0.2537,0
58,36300.0,1093000.0,36,311,Business,4,1,Graduate,Urban,0.8364,0
56,43100.0,659000.0,24,440,Salaried,0,1,Graduate,Urban,0.6371,0
61,96900.0,1363000.0,12,316,Salaried,1,3,Graduate,Urban,1.1722,0
43,72000.0,1123000.0,36,362,Business,4,0,Graduate,Urban,0.4333,0
48,57800.0,327000.0,24,552,Salaried,4,3,Not Graduate,Urban,0.2357,1
56,75700.0,940000.0,24,764,Salaried,3,1,Graduate,Urban,0.5174,0
22,63800.0,681000.0,24,675,Self-Employed,0,3,Graduate,Rural,0.4447,1
56,55900.0,887000.0,36,819,Self-Employed,2,3,Graduate,Urban,0.4408,0
58,23200.0,1120000.0,48,389,Self-Employed,0,1,Graduate,Semi-Urban,1.0057,0
35,86600.0,1219000.0,36,474,Salaried,2,2,Graduate,Urban,0.391,0
24,39000.0,1273000.0,60,375,Salaried,1,1,Graduate,Semi-Urban,0.544,0
22,84500.0,418000.0,36,699,Salaried,1,2,Graduate,Semi-Urban,0.1374,0
26,88700.0,95000.0,24,370,Salaried,4,1,Not Graduate,Urban,0.0446,0
47,35100.0,1122000.0,12,479,Business,1,1,Not Graduate,Urban,2.6638,0
35,78800.0,204000.0,36,423,Self-Employed,4,1,Not Graduate,Semi-Urban,0.0719,0
60,40900.0,507000.0,36,680,Salaried,0,0,Not Graduate,Rural,0.3443,0
48,41000.0,56000.0,24,592,Self-Employed,1,2,Graduate,Urban,0.0569,0
30,55800.0,1038000.0,12,494,Salaried,0,0,Graduate,Urban,1.5502,0
36,56500.0,292000.0,12,527,Business,0,1,Graduate,Rural,0.4307,0
36,50000.0,1000000.0,60,730,Salaried,1,3,Not Graduate,Urban,0.3333,0
47,25200.0,1488000.0,36,735,Salaried,0,0,Not Graduate,Semi-Urban,1.6402,0
63,46100.0,155000.0,12,760,Salaried,1,2,Not Graduate,Urban,0.2802,0
34,153200.0,162000.0,12,320,Self-Employed,1,1,Graduate,Urban,0.0881,0
53,12200.0,544000.0,48,363,Self-Employed,1,0,Not Graduate,Semi-Urban,0.929,0
60,75700.0,1306000.0,48,464,Salaried,2,3,Graduate,Semi-Urban,0.3594,0
53,83200.0,363000.0,12,326,Salaried,0,0,Graduate,Urban,0.3636,0
25,24900.0,573000.0,60,610,Salaried,3,2,Graduate,Semi-Urban,0.3835,0
51,38800.0,149000.0,12,584,Salaried,1,0,Graduate,Rural,0.32,0
58,29700.0,1157000.0,24,580,Business,0,3,Graduate,Semi-Urban,1.6232,1
44,123900.0,642000.0,36,463,Salaried,4,3,Graduate,Urban,0.1439,0
60,85100.0,1151000.0,60,523,Salaried,1,2,Graduate,Semi-Urban,0.2254,0
36,87200.0,1360000.0,24,445,Self-Employed,1,3,Graduate,Semi-Urban,0.6498,0
64,52100.0,388000.0,60,329,Salaried,3,1,Not Graduate,Rural,0.1241,0
50,94500.0,1221000.0,24,344,Self-Employed,2,3,Not Graduate,Semi-Urban,0.5384,0
57,48800.0,136000.0,36,770,Business,2,1,Graduate,Urban,0.0774,0
34,96700.0,1353000.0,36,333,Salaried,1,0,Not Graduate,Semi-Urban,0.3887,0
53,45500.0,994000.0,48,726,Business,0,1,Not Graduate,Semi-Urban,0.4551,0
28,34900.0,1318000.0,24,520,Self-Employed,4,1,Graduate,Urban,1.5735,0
43,121200.0,50000.0,48,833,Salaried,4,0,Graduate,Semi-Urban,0.0086,1
49,48500.0,295000.0,24,666,Salaried,0,3,Graduate,Urban,0.2534,0
23,31300.0,615000.0,48,849,Salaried,1,1,Graduate,Semi-Urban,0.4093,0
63,31100.0,600000.0,36,415,Self-Employed,4,3,Not Graduate,Urban,0.5359,0
27,31200.0,379000.0,60,538,Self-Employed,2,0,Not Graduate,Semi-Urban,0.2025,0
49,74800.0,603000.0,48,634,Business,0,2,Graduate,Rural,0.1679,0
49,46700.0,237000.0,24,740,Business,3,3,Not Graduate,Rural,0.2115,0
41,154700.0,649000.0,24,447,Self-Employed,1,3,Not Graduate,Rural,0.1748,0
51,88700.0,1213000.0,36,308,Self-Employed,0,2,Not Graduate,Rural,0.3799,0
32,55700.0,745000.0,24,587,Salaried,4,2,Graduate,Urban,0.5573,0
49,98900.0,76000.0,12,687,Salaried,1,0,Not Graduate,Semi-Urban,0.064,0
46,38300.0,661000.0,60,349,Salaried,2,3,Graduate,Semi-Urban,0.2876,0
60,19400.0,89000.0,48,816,Self-Employed,1,3,Graduate,Rural,0.0956,0
54,29900.0,1451000.0,60,577,Salaried,1,0,Graduate,Urban,0.8088,0
22,52800.0,235000.0,36,599,Salaried,2,3,Graduate,Rural,0.1236,0
48,43900.0,1076000.0,48,434,Salaried,2,1,Not Graduate,Semi-Urban,0.5106,0
34,74000.0,1461000.0,48,446,Salaried,1,1,Graduate,Rural,0.4113,0
62,46100.0,1248000.0,12,789,Self-Employed,2,1,Graduate,Urban,2.256,0
24,71300.0,1064000.0,36,777,Salaried,0,3,Graduate,Urban,0.4145,0
60,103800.0,1267000.0,24,458,Self-Employed,2,1,Not Graduate,Rural,0.5086,0
27,46000.0,1474000.0,12,683,Salaried,2,1,Graduate,Urban,2.6703,0
29,64700.0,951000.0,12,462,Self-Employed,1,0,Not Graduate,Rural,1.2249,0
48,20400.0,861000.0,60,740,Salaried,0,0,Graduate,Urban,0.7034,0
30,46100.0,961000.0,60,488,Salaried,3,2,Graduate,Semi-Urban,0.3474,0
58,26500.0,822000.0,60,714,Self-Employed,3,2,Graduate,Urban,0.517,0
54,52700.0,971000.0,12,638,Salaried,4,2,Graduate,Semi-Urban,1.5354,0
63,55200.0,702000.0,24,480,Salaried,2,2,Graduate,Semi-Urban,0.5299,0
45,55100.0,367000.0,48,587,Salaried,2,0,Graduate,Urban,0.1388,0
36,38600.0,224000.0,60,486,Salaried,0,0,Not Graduate,Urban,0.0967,0
53,154700.0,149000.0,24,437,Salaried,3,0,Graduate,Urban,0.0401,0
53,26000.0,432000.0,36,429,Salaried,4,1,Graduate,Semi-Urban,0.4615,0
45,25200.0,117000.0,60,493,Self-Employed,0,1,Graduate,Semi-Urban,0.0774,1
62,112100.0,872000.0,48,615,Business,2,2,Not Graduate,Semi-Urban,0.1621,0
33,34500.0,462000.0,36,443,Salaried,3,1,Graduate,Semi-Urban,0.372,0
60,30600.0,1246000.0,36,315,Business,4,3,Graduate,Semi-Urban,1.1311,0
23,155000.0,158000.0,48,601,Salaried,1,0,Not Graduate,Urban,0.0212,0
24,80200.0,378000.0,60,722,Self-Employed,3,2,Graduate,Urban,0.0786,0
58,36400.0,1109000.0,12,544,Self-Employed,4,2,Graduate,Urban,2.5389,0
38,54700.0,918000.0,48,406,Self-Employed,0,3,Graduate,Rural,0.3496,0
23,129700.0,144000.0,48,387,Salaried,1,1,Graduate,Rural,0.0231,0
23,69300.0,1322000.0,48,428,Salaried,4,2,Graduate,Urban,0.3974,0
49,93300.0,1322000.0,36,640,Salaried,4,1,Graduate,Semi-Urban,0.3936,0
44,73300.0,529000.0,24,303,Salaried,2,1,Graduate,Rural,0.3007,0
58,78100.0,544000.0,12,626,Salaried,3,3,Graduate,Semi-Urban,0.5805,0
53,50000.0,1484000.0,60,709,Salaried,2,2,Graduate,Urban,0.4947,0
54,49300.0,958000.0,60,605,Salaried,1,1,Not Graduate,Urban,0.3239,0
22,56000.0,820000.0,24,524,Salaried,4,1,Not Graduate,Semi-Urban,0.6101,0
40,70800.0,1265000.0,48,647,Self-Employed,2,3,Not Graduate,Rural,0.3722,0
23,42500.0,464000.0,12,620,Business,3,3,Graduate,Semi-Urban,0.9098,0
47,52100.0,672000.0,60,480,Business,1,1,Graduate,Urban,0.215,0
53,42000.0,438000.0,60,685,Salaried,0,3,Graduate,Urban,0.1738,0
27,51900.0,1194000.0,48,407,Self-Employed,2,1,Graduate,Rural,0.4793,0
53,26200.0,881000.0,24,830,Business,1,2,Not Graduate,Rural,1.4011,0
25,180400.0,1005000.0,12,709,Salaried,0,0,Graduate,Semi-Urban,0.4642,0
32,34000.0,416000.0,24,595,Salaried,2,3,Graduate,Semi-Urban,0.5098,0
38,40900.0,369000.0,24,470,Business,1,0,Graduate,Urban,0.3759,0
59,32500.0,758000.0,12,630,Salaried,1,1,Graduate,Rural,1.9436,1
45,66700.0,1119000.0,12,792,Salaried,2,1,Graduate,Rural,1.3981,0
26,44400.0,812000.0,60,494,Salaried,1,1,Graduate,Urban,0.3048,0
55,30300.0,97000.0,60,311,Salaried,4,0,Graduate,Semi-Urban,0.0534,0
27,68100.0,1309000.0,12,494,Business,2,1,Not Graduate,Urban,1.6018,0
43,72800.0,144000.0,36,789,Self-Employed,1,3,Graduate,Urban,0.0549,0
32,47400.0,1436000.0,60,481,Salaried,0,2,Not Graduate,Urban,0.5049,0
37,35200.0,86000.0,36,615,Salaried,0,2,Not Graduate,Urban,0.0679,0
54,146600.0,1057000.0,12,329,Self-Employed,4,3,Graduate,Urban,0.6008,0
30,58100.0,169000.0,60,395,Self-Employed,2,2,Not Graduate,Semi-Urban,0.0485,0
27,25900.0,1370000.0,24,680,Salaried,1,0,Graduate,Semi-Urban,2.204,0
37,99400.0,723000.0,12,743,Business,1,1,Not Graduate,Semi-Urban,0.6061,0
50,32000.0,249000.0,48,597,Salaried,0,1,Graduate,Urban,0.1621,0
24,193100.0,544000.0,36,660,Salaried,4,1,Graduate,Urban,0.0783,0
41,51000.0,289000.0,12,673,Self-Employed,0,0,Graduate,Semi-Urban,0.4722,0
57,81400.0,297000.0,12,602,Salaried,0,0,Graduate,Urban,0.3041,0
40,17300.0,1425000.0,60,720,Business,4,0,Not Graduate,Urban,1.3728,0
47,25800.0,696000.0,60,545,Self-Employed,2,3,Graduate,Rural,0.4496,0
24,95500.0,1194000.0,60,536,Self-Employed,1,0,Not Graduate,Semi-Urban,0.2084,0
40,57500.0,977000.0,48,833,Salaried,2,2,Graduate,Rural,0.354,0
41,136100.0,1031000.0,60,484,Salaried,3,3,Not Graduate,Semi-Urban,0.1263,0
53,62500.0,241000.0,12,767,Salaried,3,3,Graduate,Urban,0.3213,0
28,52700.0,390000.0,60,662,Salaried,3,3,Graduate,Semi-Urban,0.1233,0
62,115500.0,1191000.0,24,582,Self-Employed,4,0,Graduate,Urban,0.4297,0
54,81200.0,1458000.0,60,635,Business,0,3,Not Graduate,Semi-Urban,0.2993,0
61,44400.0,431000.0,48,461,Self-Employed,2,0,Graduate,Urban,0.2022,0
60,28400.0,444000.0,24,459,Business,1,0,Graduate,Rural,0.6514,0
39,15000.0,736000.0,12,773,Self-Employed,3,3,Graduate,Urban,4.0889,0
61,39400.0,1477000.0,12,621,Salaried,2,1,Not Graduate,Rural,3.1239,0
22,27100.0,440000.0,36,311,Salaried,3,1,Graduate,Rural,0.451,0
32,179700.0,640000.0,24,723,Self-Employed,3,3,Graduate,Semi-Urban,0.1484,0
49,35400.0,1343000.0,36,372,Salaried,1,1,Graduate,Semi-Urban,1.0538,0
46,34900.0,54000.0,24,500,Salaried,4,2,Not Graduate,Semi-Urban,0.0645,0
44,22900.0,108000.0,24,821,Salaried,0,2,Not Graduate,Rural,0.1965,0
52,42900.0,926000.0,48,804,Business,4,0,Graduate,Semi-Urban,0.4497,0
51,35200.0,1366000.0,36,338,Salaried,2,1,Graduate,Rural,1.078,0
63,116900.0,396000.0,48,359,Self-Employed,4,2,Graduate,Semi-Urban,0.0706,0
56,53300.0,731000.0,24,620,Business,2,3,Graduate,Rural,0.5715,0
28,48800.0,703000.0,12,734,Salaried,2,1,Graduate,Semi-Urban,1.2005,0
37,45800.0,736000.0,24,707,Salaried,0,2,Not Graduate,Semi-Urban,0.6696,0
47,72600.0,953000.0,48,685,Salaried,1,2,Graduate,Rural,0.2735,0
23,39100.0,731000.0,36,377,Self-Employed,0,3,Not Graduate,Rural,0.5193,0
22,68400.0,699000.0,36,493,Self-Employed,4,0,Graduate,Semi-Urban,0.2839,0
33,109900.0,738000.0,48,584,Business,2,3,Not Graduate,Urban,0.1399,0
26,61700.0,907000.0,36,826,Self-Employed,3,0,Graduate,Semi-Urban,0.4083,0
58,43300.0,829000.0,60,823,Salaried,3,2,Graduate,Rural,0.3191,0
53,30400.0,1288000.0,12,455,Salaried,2,0,Graduate,Rural,3.5307,0
30,42700.0,122000.0,12,639,Self-Employed,0,2,Graduate,Rural,0.2381,0
62,65000.0,1258000.0,12,424,Salaried,1,2,Graduate,Urban,1.6128,0
56,22800.0,1274000.0,36,579,Salaried,0,1,Not Graduate,Semi-Urban,1.5521,0
40,74300.0,463000.0,36,427,Salaried,2,0,Not Graduate,Semi-Urban,0.1731,0
37,54400.0,721000.0,24,613,Salaried,2,0,Graduate,Rural,0.5522,0
24,45500.0,686000.0,24,631,Salaried,1,0,Graduate,Urban,0.6282,0
41,35300.0,367000.0,12,449,Salaried,4,3,Graduate,Rural,0.8664,0
45,38600.0,625000.0,60,753,Salaried,4,1,Graduate,Semi-Urban,0.2699,0
54,66100.0,114000.0,24,335,Salaried,1,1,Graduate,Urban,0.0719,0
45,46000.0,453000.0,24,719,Self-Employed,4,1,Not Graduate,Urban,0.4103,0
32,38200.0,1234000.0,36,321,Business,3,3,Not Graduate,Urban,0.8973,0
29,62000.0,463000.0,60,505,Salaried,4,0,Not Graduate,Semi-Urban,0.1245,0
57,63200.0,1236000.0,12,655,Self-Employed,4,0,Graduate,Urban,1.6297,0
59,26200.0,821000.0,24,739,Salaried,4,0,Not Graduate,Urban,1.3057,0
61,65200.0,1326000.0,60,395,Salaried,3,1,Not Graduate,Rural,0.339,0
41,171200.0,883000.0,60,463,Business,4,1,Graduate,Urban,0.086,0
56,62000.0,93000.0,12,447,Self-Employed,3,2,Graduate,Urban,0.125,0
46,21000.0,1029000.0,60,829,Business,1,3,Not Graduate,Semi-Urban,0.8167,0
56,53600.0,115000.0,60,593,Salaried,0,3,Graduate,Semi-Urban,0.0358,0
46,19600.0,703000.0,60,494,Salaried,1,1,Graduate,Rural,0.5978,0
50,238900.0,1398000.0,24,779,Business,0,2,Graduate,Semi-Urban,0.2438,0
39,149900.0,290000.0,12,422,Salaried,1,0,Graduate,Rural,0.1612,0
39,35100.0,615000.0,60,699,Salaried,0,1,Graduate,Semi-Urban,0.292,0
23,15900.0,1108000.0,60,751,Self-Employed,0,3,Not Graduate,Urban,1.1614,0
56,31600.0,1329000.0,24,403,Business,2,3,Not Graduate,Urban,1.7524,0
37,44800.0,1023000.0,12,761,Business,0,3,Graduate,Semi-Urban,1.9029,1
62,20300.0,424000.0,36,695,Salaried,0,0,Graduate,Urban,0.5802,0
57,47400.0,1028000.0,24,636,Business,2,3,Graduate,Semi-Urban,0.9037,0
54,44600.0,480000.0,12,441,Salaried,4,0,Graduate,Semi-Urban,0.8969,0
25,52200.0,1092000.0,60,616,Salaried,4,0,Graduate,Urban,0.3487,0
54,55000.0,1433000.0,12,826,Self-Employed,2,0,Graduate,Urban,2.1712,1
35,30200.0,1096000.0,12,700,Salaried,3,1,Graduate,Urban,3.0243,0
42,32000.0,1301000.0,12,609,Salaried,0,0,Graduate,Semi-Urban,3.388,0
41,50200.0,53000.0,36,794,Self-Employed,0,2,Graduate,Semi-Urban,0.0293,0
29,35800.0,1090000.0,12,408,Salaried,2,3,Graduate,Semi-Urban,2.5372,0
28,77200.0,1253000.0,36,671,Salaried,2,1,Graduate,Urban,0.4508,0
24,49900.0,109000.0,60,505,Salaried,3,3,Not Graduate,Semi-Urban,0.0364,0
38,124600.0,1314000.0,36,342,Salaried,4,0,Graduate,Rural,0.2929,0
54,73900.0,422000.0,60,544,Salaried,1,1,Not Graduate,Urban,0.0952,0
33,85100.0,1015000.0,60,586,Self-Employed,4,2,Graduate,Semi-Urban,0.1988,0
43,52400.0,1211000.0,36,654,Self-Employed,0,0,Graduate,Rural,0.642,0
43,53000.0,1011000.0,24,775,Salaried,2,3,Not Graduate,Urban,0.7948,0
51,116500.0,184000.0,48,382,Business,3,2,Graduate,Semi-Urban,0.0329,0
59,40600.0,915000.0,12,409,Salaried,4,0,Graduate,Urban,1.8781,0
59,64400.0,847000.0,48,489,Salaried,3,2,Graduate,Semi-Urban,0.274,0
29,42900.0,1355000.0,12,550,Business,4,0,Graduate,Urban,2.6321,0
48,42900.0,636000.0,12,590,Salaried,0,1,Not Graduate,Rural,1.2354,0
48,27300.0,516000.0,60,500,Business,1,0,Graduate,Semi-Urban,0.315,0
55,33800.0,1137000.0,12,625,Salaried,3,1,Graduate,Rural,2.8033,0
42,30800.0,648000.0,12,810,Self-Employed,3,0,Graduate,Semi-Urban,1.7532,0
51,66000.0,987000.0,36,708,Salaried,1,0,Graduate,Semi-Urban,0.4154,0
54,82500.0,987000.0,48,807,Salaried,3,3,Not Graduate,Semi-Urban,0.2492,0
49,46800.0,1338000.0,36,371,Salaried,3,2,Not Graduate,Rural,0.7942,0
54,55000.0,918000.0,12,546,Self-Employed,4,2,Graduate,Rural,1.3909,0
26,45400.0,778000.0,60,643,Salaried,4,2,Graduate,Semi-Urban,0.2856,0
40,32700.0,251000.0,36,353,Business,1,0,Not Graduate,Rural,0.2132,0
25,75400.0,218000.0,36,827,Salaried,0,0,Graduate,Semi-Urban,0.0803,0
56,67900.0,274000.0,24,831,Salaried,3,0,Graduate,Semi-Urban,0.1681,0
38,19000.0,299000.0,12,492,Salaried,0,1,Graduate,Semi-Urban,1.3114,0
49,42600.0,975000.0,60,357,Self-Employed,1,1,Graduate,Urban,0.3815,0
51,31500.0,1124000.0,36,736,Business,1,3,Not Graduate,Urban,0.9912,0
50,40300.0,818000.0,36,410,Salaried,4,0,Not Graduate,Urban,0.5638,0
27,35100.0,1252000.0,60,428,Self-Employed,3,2,Graduate,Semi-Urban,0.5945,0
56,47900.0,1487000.0,12,625,Salaried,2,2,Graduate,Urban,2.587,0
62,41600.0,1239000.0,24,307,Self-Employed,1,3,Graduate,Semi-Urban,1.241,0
58,41100.0,1058000.0,36,328,Business,3,2,Graduate,Rural,0.7151,0
45,85300.0,822000.0,24,411,Salaried,0,3,Graduate,Urban,0.4015,0
50,64800.0,701000.0,48,430,Salaried,4,0,Not Graduate,Semi-Urban,0.2254,0
52,34500.0,172000.0,12,487,Business,0,2,Graduate,Urban,0.4155,0
56,37100.0,629000.0,48,774,Business,1,0,Graduate,Urban,0.3532,0
54,62700.0,1370000.0,48,663,Self-Employed,1,1,Graduate,Rural,0.4552,0
42,62600.0,1222000.0,48,503,Salaried,0,2,Graduate,Semi-Urban,0.4067,0
53,36200.0,363000.0,12,511,Salaried,1,1,Graduate,Rural,0.8356,0
44,43600.0,727000.0,12,575,Salaried,3,2,Not Graduate,Urban,1.3895,1
54,123400.0,1234000.0,60,372,Business,1,0,Graduate,Semi-Urban,0.1667,0
24,36600.0,148000.0,24,542,Self-Employed,4,3,Not Graduate,Urban,0.1685,0
39,127400.0,612000.0,24,401,Salaried,3,0,Graduate,Urban,0.2002,0
46,85100.0,1285000.0,60,470,Salaried,2,0,Graduate,Urban,0.2517,0
63,116200.0,636000.0,60,487,Salaried,1,0,Graduate,Urban,0.0912,0
52,35800.0,163000.0,48,740,Salaried,1,2,Graduate,Urban,0.0949,0
24,45100.0,837000.0,60,385,Salaried,4,3,Graduate,Urban,0.3093,0
61,39200.0,1300000.0,36,775,Salaried,4,1,Graduate,Rural,0.9212,0
45,86100.0,906000.0,24,351,Salaried,0,0,Not Graduate,Urban,0.4384,0
53,36900.0,378000.0,60,410,Salaried,0,2,Not Graduate,Urban,0.1707,0
43,70700.0,607000.0,36,342,Salaried,0,1,Graduate,Urban,0.2385,0
44,68800.0,703000.0,36,510,Salaried,4,0,Graduate,Semi-Urban,0.2838,0
23,47900.0,890000.0,36,499,Salaried,0,1,Graduate,Urban,0.5161,0
48,93800.0,1151000.0,36,325,Salaried,0,0,Graduate,Rural,0.3409,0
63,51700.0,193000.0,48,598,Salaried,2,1,Graduate,Rural,0.0778,0
23,74400.0,1340000.0,36,376,Salaried,0,1,Not Graduate,Urban,0.5003,0
47,38300.0,68000.0,48,436,Salaried,1,3,Graduate,Semi-Urban,0.037,0
38,34100.0,587000.0,48,319,Self-Employed,4,3,Graduate,Urban,0.3586,0
61,70700.0,90000.0,36,739,Business,3,0,Graduate,Semi-Urban,0.0354,0
54,60800.0,620000.0,24,510,Self-Employed,2,2,Graduate,Semi-Urban,0.4249,0
30,55400.0,812000.0,36,734,Salaried,4,3,Graduate,Urban,0.4071,0
64,41300.0,792000.0,36,506,Business,4,1,Graduate,Urban,0.5327,0
60,106400.0,290000.0,36,738,Self-Employed,1,3,Graduate,Semi-Urban,0.0757,0
50,28000.0,986000.0,24,341,Salaried,0,3,Graduate,Semi-Urban,1.4673,0
63,27300.0,115000.0,12,710,Salaried,1,0,Graduate,Urban,0.351,0
47,78500.0,1155000.0,12,822,Business,0,3,Not Graduate,Semi-Urban,1.2261,0
56,75400.0,1423000.0,48,726,Salaried,0,3,Graduate,Semi-Urban,0.3932,0
46,58500.0,543000.0,48,574,Salaried,4,1,Graduate,Rural,0.1934,0
45,42400.0,800000.0,24,747,Self-Employed,0,3,Not Graduate,Urban,0.7862,0
34,63000.0,599000.0,60,668,Business,2,1,Graduate,Rural,0.1585,0
28,115900.0,60000.0,12,519,Salaried,2,3,Graduate,Semi-Urban,0.0431,0
57,172400.0,610000.0,48,531,Salaried,2,3,Graduate,Urban,0.0737,0
41,21400.0,1198000.0,12,627,Salaried,4,2,Graduate,Semi-Urban,4.6651,1
22,39800.0,914000.0,24,742,Self-Employed,1,3,Graduate,Semi-Urban,0.9569,0
29,38500.0,197000.0,24,351,Salaried,3,1,Not Graduate,Rural,0.2132,0
37,110600.0,1278000.0,60,675,Salaried,0,1,Not Graduate,Urban,0.1926,0
35,14200.0,820000.0,60,562,Business,3,0,Graduate,Semi-Urban,0.9624,0
33,63400.0,1270000.0,24,566,Salaried,1,0,Graduate,Urban,0.8346,0
44,43100.0,891000.0,48,658,Self-Employed,1,2,Graduate,Rural,0.4307,0
36,111200.0,862000.0,12,616,Salaried,4,1,Graduate,Urban,0.646,1
49,103800.0,203000.0,36,623,Salaried,2,1,Graduate,Rural,0.0543,0
55,58900.0,293000.0,60,720,Self-Employed,2,1,Graduate,Rural,0.0829,0
23,22300.0,1459000.0,36,345,Salaried,1,2,Not Graduate,Urban,1.8174,0
53,36800.0,381000.0,48,568,Salaried,4,1,Graduate,Rural,0.2157,0
44,38900.0,1467000.0,60,680,Salaried,4,0,Graduate,Rural,0.6285,0
43,25300.0,821000.0,36,417,Self-Employed,0,2,Graduate,Urban,0.9014,0
46,87300.0,247000.0,48,415,Business,2,0,Not Graduate,Semi-Urban,0.0589,0
43,23700.0,194000.0,12,559,Business,1,0,Not Graduate,Semi-Urban,0.6821,0
43,131000.0,353000.0,48,374,Salaried,3,2,Graduate,Urban,0.0561,0
63,130800.0,1392000.0,60,779,Salaried,2,3,Graduate,Urban,0.1774,0
27,40400.0,651000.0,24,604,Salaried,0,3,Not Graduate,Urban,0.6714,0
36,57800.0,623000.0,12,306,Business,4,0,Graduate,Urban,0.8982,0
64,47300.0,504000.0,36,665,Salaried,1,3,Not Graduate,Semi-Urban,0.296,0
58,77000.0,263000.0,60,822,Business,2,1,Graduate,Urban,0.0569,0
54,92700.0,757000.0,24,647,Salaried,3,2,Graduate,Rural,0.3403,0
29,55800.0,239000.0,48,737,Business,0,0,Graduate,Semi-Urban,0.0892,0
26,62000.0,1261000.0,24,514,Business,0,1,Not Graduate,Urban,0.8474,0
60,35900.0,587000.0,60,728,Business,2,3,Graduate,Semi-Urban,0.2725,0
25,61000.0,593000.0,60,797,Salaried,3,1,Not Graduate,Semi-Urban,0.162,0
27,53200.0,737000.0,24,839,Salaried,0,3,Graduate,Rural,0.5772,0
53,31100.0,694000.0,48,666,Salaried,1,0,Graduate,Urban,0.4649,0
51,48700.0,1493000.0,24,612,Salaried,0,1,Graduate,Urban,1.2774,0
56,40500.0,841000.0,60,837,Salaried,3,2,Graduate,Rural,0.3461,0
61,36100.0,178000.0,60,353,Salaried,4,0,Graduate,Rural,0.0822,0
37,27600.0,930000.0,36,840,Salaried,4,1,Graduate,Semi-Urban,0.936,0
34,50600.0,270000.0,36,766,Self-Employed,2,1,Not Graduate,Rural,0.1482,1
63,33200.0,95000.0,12,463,Self-Employed,3,3,Graduate,Urban,0.2385,0
51,38700.0,1458000.0,60,633,Salaried,0,0,Not Graduate,Semi-Urban,0.6279,0
40,83900.0,1172000.0,36,846,Business,0,0,Graduate,Urban,0.388,0
38,67200.0,1471000.0,24,647,Salaried,4,0,Not Graduate,Urban,0.9121,0
40,30000.0,743000.0,48,572,Salaried,4,0,Graduate,Rural,0.516,0
49,58500.0,822000.0,24,713,Salaried,1,3,Graduate,Urban,0.5855,0
47,52400.0,294000.0,48,799,Business,4,2,Graduate,Semi-Urban,0.1169,0
58,114800.0,408000.0,36,392,Salaried,1,0,Graduate,Rural,0.0987,0
47,97900.0,1266000.0,12,378,Salaried,0,3,Not Graduate,Urban,1.0776,0
44,22800.0,566000.0,24,516,Self-Employed,1,2,Graduate,Rural,1.0344,0
30,75400.0,1249000.0,24,657,Salaried,1,2,Graduate,Rural,0.6902,0
33,92300.0,1078000.0,24,806,Self-Employed,2,3,Not Graduate,Semi-Urban,0.4866,1
22,64800.0,307000.0,48,480,Business,4,0,Graduate,Urban,0.0987,0
22,41500.0,786000.0,36,545,Business,1,2,Not Graduate,Urban,0.5261,0
55,163800.0,1032000.0,24,543,Salaried,0,0,Graduate,Semi-Urban,0.2625,0
53,67900.0,391000.0,24,805,Salaried,3,0,Not Graduate,Urban,0.2399,0
46,131700.0,1254000.0,12,721,Salaried,1,1,Graduate,Urban,0.7935,0
61,96300.0,840000.0,12,619,Salaried,4,0,Graduate,Rural,0.7269,0
22,61800.0,290000.0,36,386,Salaried,2,1,Graduate,Urban,0.1303,0
37,36700.0,895000.0,36,516,Salaried,0,2,Not Graduate,Semi-Urban,0.6774,0
60,48400.0,1500000.0,60,789,Business,2,3,Graduate,Urban,0.5165,0
26,43900.0,268000.0,12,818,Business,3,1,Graduate,Semi-Urban,0.5087,0
43,26700.0,1234000.0,60,577,Salaried,1,3,Graduate,Rural,0.7703,0
50,67900.0,351000.0,48,468,Salaried,1,2,Not Graduate,Urban,0.1077,0
24,107300.0,1184000.0,60,629,Salaried,4,0,Not Graduate,Urban,0.1839,0
33,42200.0,1115000.0,24,740,Salaried,1,2,Not Graduate,Semi-Urban,1.1009,0
47,144600.0,486000.0,60,690,Self-Employed,0,3,Graduate,Semi-Urban,0.056,1
37,22500.0,522000.0,36,795,Self-Employed,3,2,Graduate,Semi-Urban,0.6444,0
58,83000.0,1199000.0,48,680,Business,2,0,Graduate,Urban,0.301,0
43,113100.0,719000.0,24,605,Self-Employed,3,2,Not Graduate,Urban,0.2649,0
50,44300.0,1110000.0,60,812,Salaried,1,0,Graduate,Rural,0.4176,0
35,44700.0,265000.0,48,487,Self-Employed,2,1,Graduate,Rural,0.1235,0
49,82600.0,1286000.0,48,815,Salaried,4,3,Not Graduate,Semi-Urban,0.3244,0
26,63100.0,1081000.0,24,726,Self-Employed,3,0,Graduate,Rural,0.7138,0
51,18100.0,1365000.0,60,801,Salaried,2,0,Graduate,Semi-Urban,1.2569,0
26,32200.0,242000.0,48,559,Salaried,2,2,Graduate,Semi-Urban,0.1566,0
33,48700.0,910000.0,48,812,Salaried,2,1,Graduate,Urban,0.3893,0
37,24700.0,919000.0,12,370,Salaried,0,0,Not Graduate,Semi-Urban,3.1005,0
47,38700.0,563000.0,48,777,Business,3,1,Graduate,Semi-Urban,0.3031,0
47,25000.0,715000.0,12,477,Salaried,2,1,Graduate,Urban,2.3833,0
42,40700.0,105000.0,60,756,Salaried,3,2,Graduate,Semi-Urban,0.043,0
60,41400.0,1131000.0,60,488,Salaried,2,0,Graduate,Rural,0.4553,0
57,58400.0,847000.0,60,590,Self-Employed,4,2,Graduate,Semi-Urban,0.2417,0
54,46800.0,134000.0,36,819,Salaried,4,3,Graduate,Semi-Urban,0.0795,0
51,63000.0,1037000.0,60,591,Business,4,3,Graduate,Rural,0.2743,0
58,59400.0,727000.0,48,582,Business,1,0,Graduate,Urban,0.255,0
44,82100.0,100000.0,24,843,Self-Employed,2,1,Graduate,Semi-Urban,0.0508,0
31,75900.0,1456000.0,12,676,Self-Employed,1,0,Graduate,Rural,1.5986,0
26,72000.0,1426000.0,36,455,Salaried,3,0,Not Graduate,Semi-Urban,0.5502,0
57,231500.0,794000.0,60,807,Salaried,1,3,Not Graduate,Urban,0.0572,0
55,58300.0,186000.0,60,712,Self-Employed,3,3,Not Graduate,Urban,0.0532,1
52,179300.0,1144000.0,24,827,Salaried,3,1,Graduate,Rural,0.2658,0
31,60200.0,763000.0,24,654,Salaried,3,1,Graduate,Semi-Urban,0.5281,0
40,47000.0,489000.0,36,486,Self-Employed,1,0,Graduate,Rural,0.289,0
53,40700.0,763000.0,12,330,Salaried,2,2,Graduate,Semi-Urban,1.5622,0
22,104300.0,808000.0,60,559,Business,1,0,Graduate,Semi-Urban,0.1291,0
26,111300.0,866000.0,36,720,Salaried,2,1,Graduate,Rural,0.2161,0
25,66200.0,690000.0,48,828,Self-Employed,2,2,Not Graduate,Semi-Urban,0.2171,0
37,86400.0,928000.0,48,603,Salaried,3,3,Graduate,Urban,0.2238,0
45,25900.0,1382000.0,36,338,Self-Employed,1,1,Graduate,Semi-Urban,1.4822,0
37,22600.0,575000.0,60,788,Salaried,2,1,Not Graduate,Rural,0.424,0
23,91400.0,1102000.0,36,841,Salaried,4,2,Graduate,Urban,0.3349,0
49,46000.0,1347000.0,60,577,Business,2,1,Not Graduate,Urban,0.488,0
53,71300.0,711000.0,24,502,Salaried,4,1,Not Graduate,Urban,0.4155,0
48,34200.0,693000.0,36,365,Salaried,1,1,Not Graduate,Rural,0.5629,0
41,112300.0,923000.0,60,407,Salaried,1,1,Graduate,Urban,0.137,0
45,22700.0,908000.0,36,567,Self-Employed,1,1,Not Graduate,Semi-Urban,1.1111,0
33,24500.0,1220000.0,36,521,Salaried,2,1,Graduate,Semi-Urban,1.3832,0
56,100900.0,741000.0,60,829,Business,0,1,Graduate,Semi-Urban,0.1224,0
54,13300.0,1494000.0,60,389,Salaried,2,1,Graduate,Semi-Urban,1.8722,0
54,59200.0,136000.0,12,554,Salaried,2,3,Graduate,Urban,0.1914,0
64,46500.0,55000.0,36,754,Self-Employed,3,1,Graduate,Semi-Urban,0.0329,0
58,33900.0,978000.0,48,552,Self-Employed,3,3,Graduate,Rural,0.601,0
33,44400.0,483000.0,36,556,Business,2,3,Not Graduate,Rural,0.3022,0
24,32100.0,399000.0,36,682,Business,4,0,Not Graduate,Urban,0.3453,0
22,106000.0,502000.0,60,741,Salaried,3,0,Not Graduate,Rural,0.0789,0
54,120800.0,421000.0,36,389,Salaried,2,3,Graduate,Semi-Urban,0.0968,0
61,34800.0,95000.0,36,689,Salaried,0,3,Not Graduate,Rural,0.0758,0
31,56300.0,1459000.0,48,343,Self-Employed,4,1,Graduate,Semi-Urban,0.5399,0
64,25300.0,370000.0,60,318,Business,1,0,Not Graduate,Semi-Urban,0.2437,0
50,83800.0,1114000.0,36,400,Salaried,2,2,Not Graduate,Rural,0.3693,0
34,82700.0,1156000.0,24,656,Salaried,2,0,Graduate,Rural,0.5824,0
33,42300.0,1397000.0,12,841,Salaried,4,3,Not Graduate,Semi-Urban,2.7522,0
52,49400.0,94000.0,48,332,Business,3,3,Graduate,Urban,0.0396,0
23,46800.0,1314000.0,36,528,Salaried,3,1,Graduate,Urban,0.7799,0
56,21800.0,814000.0,24,823,Salaried,3,1,Graduate,Urban,1.5558,0
44,106200.0,967000.0,36,454,Salaried,1,0,Graduate,Urban,0.2529,0
38,33400.0,984000.0,36,722,Business,4,1,Not Graduate,Urban,0.8184,0
47,33500.0,1239000.0,60,545,Self-Employed,4,2,Graduate,Rural,0.6164,0
29,45500.0,533000.0,60,704,Self-Employed,3,2,Graduate,Urban,0.1952,0
50,80600.0,1113000.0,60,840,Salaried,3,1,Graduate,Semi-Urban,0.2301,0
47,36500.0,816000.0,24,460,Salaried,0,2,Not Graduate,Urban,0.9315,0
31,18500.0,1200000.0,36,416,Self-Employed,0,2,Not Graduate,Urban,1.8018,0
47,31500.0,1486000.0,12,570,Business,2,0,Not Graduate,Urban,3.9312,0
55,60600.0,341000.0,48,786,Salaried,2,2,Not Graduate,Urban,0.1172,0
62,146500.0,1492000.0,60,471,Salaried,4,3,Graduate,Rural,0.1697,0
28,26100.0,180000.0,60,573,Salaried,4,3,Graduate,Rural,0.1149,0
25,25600.0,53000.0,36,558,Salaried,1,0,Graduate,Urban,0.0575,0
32,23000.0,114000.0,36,434,Business,1,1,Graduate,Semi-Urban,0.1377,0
50,21600.0,546000.0,24,721,Salaried,0,0,Not Graduate,Semi-Urban,1.0532,0
57,89600.0,968000.0,24,720,Salaried,2,1,Graduate,Rural,0.4501,0
46,103500.0,150000.0,60,485,Salaried,0,1,Not Graduate,Rural,0.0242,0
42,53600.0,58000.0,36,663,Salaried,0,1,Graduate,Semi-Urban,0.0301,0
57,38800.0,1409000.0,12,677,Salaried,2,1,Graduate,Semi-Urban,3.0262,0
31,120000.0,1242000.0,48,822,Salaried,1,1,Graduate,Rural,0.2156,0
58,53500.0,1223000.0,36,495,Salaried,2,0,Not Graduate,Urban,0.635,0
30,84500.0,1332000.0,36,397,Self-Employed,3,1,Not Graduate,Semi-Urban,0.4379,0
45,37900.0,1065000.0,24,321,Salaried,3,2,Not Graduate,Rural,1.1708,0
56,50100.0,201000.0,48,749,Salaried,3,2,Graduate,Semi-Urban,0.0836,0
56,26400.0,629000.0,60,471,Business,4,1,Not Graduate,Semi-Urban,0.3971,0
57,67100.0,1099000.0,36,682,Self-Employed,1,2,Graduate,Semi-Urban,0.455,0
39,53900.0,456000.0,60,433,Self-Employed,1,3,Graduate,Urban,0.141,0
60,31300.0,1047000.0,36,725,Salaried,4,0,Not Graduate,Semi-Urban,0.9292,0
53,31600.0,86000.0,60,324,Salaried,0,0,Graduate,Semi-Urban,0.0454,0
45,110000.0,494000.0,48,802,Salaried,3,1,Not Graduate,Semi-Urban,0.0936,0
44,131400.0,846000.0,24,484,Salaried,3,1,Graduate,Semi-Urban,0.2683,0
53,44100.0,967000.0,48,384,Salaried,0,3,Graduate,Rural,0.4568,0
58,50700.0,887000.0,12,443,Business,2,1,Not Graduate,Urban,1.4579,0
33,59900.0,1062000.0,24,711,Salaried,2,2,Graduate,Semi-Urban,0.7387,0
34,52800.0,59000.0,48,523,Salaried,1,3,Not Graduate,Semi-Urban,0.0233,0
44,21200.0,196000.0,12,519,Self-Employed,4,2,Graduate,Semi-Urban,0.7704,1
46,60700.0,1310000.0,36,478,Salaried,1,0,Graduate,Urban,0.5995,0
56,17300.0,1039000.0,36,732,Self-Employed,2,2,Graduate,Semi-Urban,1.6683,0
62,34000.0,214000.0,60,564,Self-Employed,0,0,Graduate,Rural,0.1049,0
51,63100.0,1271000.0,24,728,Self-Employed,1,2,Graduate,Semi-Urban,0.8393,0
38,66200.0,401000.0,36,715,Business,3,0,Graduate,Rural,0.1683,0
41,32700.0,743000.0,24,752,Salaried,3,1,Not Graduate,Rural,0.9467,0
46,39000.0,261000.0,36,496,Salaried,0,2,Graduate,Urban,0.1859,0
43,36400.0,1080000.0,60,352,Business,2,0,Graduate,Urban,0.4945,0
34,46600.0,1017000.0,48,779,Self-Employed,3,2,Graduate,Rural,0.4547,0
40,48400.0,356000.0,60,742,Salaried,3,3,Graduate,Rural,0.1226,0
57,68500.0,1302000.0,12,629,Business,4,1,Not Graduate,Urban,1.5839,0
33,37900.0,632000.0,36,550,Salaried,1,0,Not Graduate,Urban,0.4632,0
62,59100.0,474000.0,12,422,Business,2,3,Graduate,Urban,0.6684,0
40,63200.0,271000.0,12,686,Salaried,1,2,Not Graduate,Rural,0.3573,1
33,54100.0,436000.0,24,638,Salaried,2,3,Graduate,Urban,0.3358,0
30,43100.0,82000.0,36,647,Business,3,2,Graduate,Semi-Urban,0.0528,0
28,53700.0,896000.0,12,328,Salaried,4,1,Not Graduate,Rural,1.3904,0
49,71400.0,1271000.0,48,334,Salaried,1,3,Graduate,Urban,0.3709,0
35,74600.0,846000.0,12,817,Salaried,3,1,Not Graduate,Semi-Urban,0.945,0
52,121500.0,368000.0,48,695,Business,2,0,Not Graduate,Urban,0.0631,0
40,29900.0,99000.0,24,593,Business,1,2,Graduate,Rural,0.138,0
37,39300.0,361000.0,12,648,Self-Employed,1,2,Not Graduate,Urban,0.7655,0
26,21900.0,653000.0,60,446,Self-Employed,3,1,Not Graduate,Semi-Urban,0.497,0
56,78100.0,1151000.0,24,366,Business,1,1,Graduate,Semi-Urban,0.6141,0
33,41500.0,322000.0,48,819,Salaried,4,0,Graduate,Urban,0.1616,0
46,54300.0,1094000.0,24,421,Salaried,4,3,Graduate,Urban,0.8395,0
42,36200.0,1307000.0,12,639,Self-Employed,3,2,Not Graduate,Semi-Urban,3.0087,1
57,41600.0,708000.0,36,474,Salaried,2,2,Not Graduate,Urban,0.4728,0
44,90400.0,1241000.0,36,750,Salaried,3,0,Graduate,Rural,0.3813,0
37,69400.0,854000.0,48,435,Salaried,4,0,Graduate,Rural,0.2564,0
60,46400.0,974000.0,48,315,Salaried,0,1,Graduate,Semi-Urban,0.4373,0
63,72000.0,813000.0,36,632,Business,0,1,Graduate,Semi-Urban,0.3137,0
60,72800.0,722000.0,48,494,Salaried,1,3,Graduate,Semi-Urban,0.2066,0
35,40300.0,390000.0,24,795,Self-Employed,1,0,Graduate,Rural,0.4032,0
52,23500.0,490000.0,60,308,Salaried,0,3,Graduate,Semi-Urban,0.3475,0
26,31300.0,470000.0,60,633,Salaried,4,0,Graduate,Urban,0.2503,0
56,25100.0,867000.0,24,632,Salaried,1,2,Graduate,Urban,1.4392,0
44,87700.0,224000.0,60,626,Self-Employed,3,0,Graduate,Semi-Urban,0.0426,0
50,95700.0,1379000.0,12,314,Self-Employed,3,0,Not Graduate,Semi-Urban,1.2008,0
64,108400.0,1095000.0,24,525,Business,4,2,Graduate,Semi-Urban,0.4209,0
32,17900.0,632000.0,48,724,Self-Employed,1,0,Graduate,Urban,0.7356,0
39,83800.0,280000.0,24,707,Self-Employed,3,3,Graduate,Semi-Urban,0.1392,0
33,148200.0,1329000.0,36,412,Self-Employed,1,1,Graduate,Urban,0.2491,1
30,85500.0,1244000.0,48,727,Business,1,1,Graduate,Urban,0.3031,0
31,16700.0,1096000.0,36,300,Self-Employed,3,3,Graduate,Semi-Urban,1.823,0
38,118700.0,444000.0,48,565,Salaried,0,2,Graduate,Urban,0.0779,0
59,50100.0,634000.0,60,790,Salaried,3,0,Not Graduate,Semi-Urban,0.2109,0
28,43600.0,199000.0,24,507,Self-Employed,4,3,Not Graduate,Urban,0.1902,0
34,61400.0,324000.0,12,668,Self-Employed,2,1,Not Graduate,Semi-Urban,0.4397,0
61,29000.0,1185000.0,48,605,Salaried,3,1,Not Graduate,Semi-Urban,0.8513,1
63,49100.0,1087000.0,48,311,Business,1,3,Not Graduate,Urban,0.4612,0
30,110200.0,911000.0,36,644,Business,1,1,Graduate,Urban,0.2296,0
48,66900.0,1349000.0,60,764,Salaried,3,3,Graduate,Rural,0.3361,0
23,50500.0,896000.0,36,793,Business,2,1,Graduate,Semi-Urban,0.4928,0
26,51300.0,727000.0,36,667,Salaried,3,3,Graduate,Semi-Urban,0.3937,0
50,27200.0,544000.0,60,719,Salaried,2,0,Not Graduate,Urban,0.3333,0
58,45500.0,1414000.0,12,470,Salaried,2,0,Graduate,Semi-Urban,2.5897,0
59,21700.0,170000.0,36,433,Salaried,4,0,Graduate,Semi-Urban,0.2176,0
40,81700.0,1400000.0,36,726,Business,1,0,Graduate,Semi-Urban,0.476,0
29,16400.0,1249000.0,48,324,Salaried,1,1,Graduate,Semi-Urban,1.5866,0
22,75200.0,238000.0,60,829,Salaried,2,2,Not Graduate,Urban,0.0527,0
43,80000.0,869000.0,24,489,Salaried,1,3,Not Graduate,Urban,0.4526,0
38,94800.0,1306000.0,12,440,Salaried,0,2,Graduate,Rural,1.148,0
28,51200.0,879000.0,12,614,Salaried,2,1,Not Graduate,Rural,1.4307,0
46,77500.0,1365000.0,60,743,Self-Employed,1,1,Graduate,Urban,0.2935,0
25,45300.0,1417000.0,48,618,Salaried,0,2,Not Graduate,Semi-Urban,0.6517,0
57,27100.0,662000.0,48,740,Business,4,2,Graduate,Urban,0.5089,0
27,105400.0,597000.0,60,391,Business,1,1,Graduate,Urban,0.0944,0
52,46700.0,1408000.0,48,478,Salaried,0,1,Graduate,Urban,0.6281,0
40,24200.0,1029000.0,12,355,Business,3,3,Not Graduate,Urban,3.5434,1
60,38800.0,218000.0,12,454,Salaried,3,0,Not Graduate,Semi-Urban,0.4682,0
48,39600.0,111000.0,24,410,Salaried,0,0,Graduate,Semi-Urban,0.1168,0
31,61700.0,869000.0,60,436,Salaried,2,3,Graduate,Urban,0.2347,0
47,158500.0,1399000.0,36,531,Salaried,2,2,Not Graduate,Urban,0.2452,0
40,63700.0,1274000.0,36,767,Salaried,1,1,Graduate,Rural,0.5556,0
60,54400.0,1030000.0,24,780,Self-Employed,3,2,Graduate,Urban,0.7889,0
24,167400.0,252000.0,24,367,Salaried,2,0,Graduate,Semi-Urban,0.0627,0
34,80000.0,419000.0,48,548,Self-Employed,2,0,Graduate,Urban,0.1091,0
49,55700.0,1319000.0,24,622,Salaried,3,2,Not Graduate,Semi-Urban,0.9867,0
41,38600.0,315000.0,24,817,Self-Employed,4,0,Not Graduate,Urban,0.34,0
49,57400.0,454000.0,36,731,Salaried,2,1,Graduate,Urban,0.2197,0
29,47400.0,238000.0,48,786,Salaried,0,3,Graduate,Urban,0.1046,0
62,51300.0,1030000.0,24,728,Salaried,1,2,Not Graduate,Urban,0.8366,0
60,94600.0,1419000.0,24,568,Salaried,2,1,Graduate,Semi-Urban,0.625,0
22,37400.0,440000.0,48,836,Salaried,2,1,Not Graduate,Semi-Urban,0.2451,0
24,63400.0,739000.0,60,447,Business,4,0,Graduate,Urban,0.1943,0
34,78800.0,970000.0,48,417,Salaried,0,1,Graduate,Urban,0.2565,0
49,35200.0,1499000.0,36,666,Self-Employed,1,2,Not Graduate,Semi-Urban,1.1829,0
46,32500.0,202000.0,60,365,Self-Employed,2,1,Not Graduate,Semi-Urban,0.1036,0
54,45500.0,773000.0,12,669,Business,1,3,Graduate,Rural,1.4158,1
59,38900.0,608000.0,48,474,Salaried,3,1,Not Graduate,Semi-Urban,0.3256,0
27,87200.0,1305000.0,36,794,Salaried,2,1,Graduate,Semi-Urban,0.4157,0
53,29700.0,740000.0,60,413,Business,2,3,Graduate,Semi-Urban,0.4153,0
42,50700.0,211000.0,48,410,Self-Employed,3,1,Not Graduate,Rural,0.0867,0
37,175100.0,970000.0,24,738,Salaried,4,1,Not Graduate,Rural,0.2308,0
42,60300.0,1168000.0,48,446,Salaried,2,0,Graduate,Urban,0.4035,0
32,65500.0,54000.0,12,334,Salaried,1,2,Graduate,Urban,0.0687,0
58,87600.0,1295000.0,48,608,Self-Employed,0,0,Graduate,Urban,0.308,0
57,38900.0,320000.0,60,837,Self-Employed,1,2,Graduate,Semi-Urban,0.1371,0
56,28500.0,851000.0,60,313,Salaried,4,3,Graduate,Semi-Urban,0.4977,0
40,53500.0,653000.0,48,673,Self-Employed,0,3,Not Graduate,Semi-Urban,0.2543,0
41,56000.0,1093000.0,60,727,Self-Employed,1,3,Graduate,Urban,0.3253,0
39,21800.0,588000.0,24,532,Salaried,1,2,Not Graduate,Semi-Urban,1.1239,0
62,59100.0,1311000.0,48,739,Self-Employed,3,2,Graduate,Rural,0.4621,0
35,83700.0,1109000.0,24,801,Business,4,2,Graduate,Urban,0.5521,0
36,31100.0,989000.0,24,574,Salaried,3,3,Graduate,Semi-Urban,1.325,0
52,60900.0,1205000.0,36,375,Business,0,2,Graduate,Semi-Urban,0.5496,0
22,76600.0,1143000.0,48,738,Salaried,3,1,Graduate,Rural,0.3109,0
24,65700.0,102000.0,60,588,Salaried,4,0,Not Graduate,Rural,0.0259,0
37,68900.0,622000.0,24,839,Salaried,2,3,Graduate,Semi-Urban,0.3761,0
44,43400.0,1400000.0,36,552,Salaried,2,0,Not Graduate,Semi-Urban,0.8961,0
32,27900.0,232000.0,48,425,Salaried,0,1,Graduate,Rural,0.1732,0
33,39200.0,1119000.0,48,476,Salaried,2,2,Not Graduate,Semi-Urban,0.5947,0
31,36600.0,1463000.0,12,336,Business,3,0,Graduate,Urban,3.3311,0
53,47100.0,126000.0,12,709,Salaried,0,1,Not Graduate,Rural,0.2229,0
37,84700.0,1039000.0,24,426,Self-Employed,4,1,Graduate,Urban,0.5111,0
29,25400.0,729000.0,12,782,Salaried,0,0,Not Graduate,Urban,2.3917,0
59,52700.0,890000.0,24,467,Business,0,3,Not Graduate,Rural,0.7037,0
33,28800.0,174000.0,60,593,Self-Employed,1,0,Graduate,Semi-Urban,0.1007,0
45,33900.0,112000.0,24,642,Salaried,1,3,Graduate,Semi-Urban,0.1377,0
49,64800.0,1017000.0,12,609,Self-Employed,0,2,Graduate,Urban,1.3079,0
29,27000.0,1244000.0,60,827,Salaried,2,3,Not Graduate,Urban,0.7679,0
49,70800.0,1184000.0,12,839,Self-Employed,1,2,Graduate,Urban,1.3936,0
57,24900.0,839000.0,24,718,Salaried,4,0,Graduate,Urban,1.4039,0
47,68400.0,195000.0,36,743,Self-Employed,3,2,Graduate,Semi-Urban,0.0792,0
29,22600.0,1048000.0,48,535,Self-Employed,1,1,Graduate,Urban,0.9661,0
49,36000.0,401000.0,12,738,Salaried,0,2,Not Graduate,Semi-Urban,0.9282,0
49,126500.0,1371000.0,24,513,Salaried,2,3,Graduate,Urban,0.4516,0
58,115200.0,1265000.0,60,384,Business,3,3,Graduate,Rural,0.183,0
62,39900.0,1079000.0,12,384,Salaried,1,3,Not Graduate,Urban,2.2536,1
57,59600.0,1426000.0,12,788,Salaried,2,2,Graduate,Urban,1.9938,0
48,89500.0,96000.0,48,364,Salaried,2,3,Not Graduate,Urban,0.0223,0
38,68900.0,1117000.0,24,363,Salaried,2,3,Graduate,Semi-Urban,0.6755,1
30,42800.0,529000.0,36,642,Business,0,1,Graduate,Semi-Urban,0.3433,0
54,33700.0,1364000.0,60,651,Salaried,4,2,Graduate,Semi-Urban,0.6746,1
41,75700.0,437000.0,24,457,Salaried,2,1,Not Graduate,Semi-Urban,0.2405,0
34,86300.0,1101000.0,60,790,Self-Employed,3,3,Graduate,Urban,0.2126,0
49,115600.0,1323000.0,12,762,Business,1,3,Graduate,Semi-Urban,0.9537,0
50,21100.0,110000.0,48,524,Salaried,3,3,Graduate,Semi-Urban,0.1086,0
34,26200.0,627000.0,48,612,Salaried,0,2,Graduate,Urban,0.4986,0
56,87600.0,1155000.0,36,765,Business,0,0,Not Graduate,Urban,0.3662,0
27,22600.0,710000.0,48,387,Self-Employed,3,3,Graduate,Urban,0.6545,0
39,91100.0,438000.0,12,602,Salaried,4,3,Not Graduate,Urban,0.4007,0
26,44000.0,369000.0,36,734,Salaried,0,3,Graduate,Semi-Urban,0.233,0
46,37800.0,241000.0,24,434,Salaried,0,3,Not Graduate,Urban,0.2657,0
23,54300.0,1293000.0,48,349,Salaried,3,2,Graduate,Urban,0.4961,0
31,25000.0,884000.0,36,731,Salaried,0,0,Graduate,Urban,0.9822,0
51,74000.0,161000.0,12,639,Business,4,0,Graduate,Rural,0.1813,0
26,114100.0,605000.0,60,646,Salaried,4,0,Not Graduate,Rural,0.0884,0
54,75800.0,583000.0,60,646,Self-Employed,4,3,Graduate,Urban,0.1282,0
22,43300.0,314000.0,12,544,Salaried,1,3,Not Graduate,Urban,0.6043,0
39,22700.0,681000.0,12,408,Self-Employed,4,0,Not Graduate,Urban,2.5,0
53,23200.0,532000.0,60,832,Self-Employed,4,0,Graduate,Semi-Urban,0.3822,0
32,25200.0,546000.0,36,389,Salaried,1,3,Graduate,Urban,0.6019,0
42,48700.0,1122000.0,60,595,Salaried,2,3,Graduate,Semi-Urban,0.384,0
47,51900.0,374000.0,12,411,Salaried,0,1,Graduate,Semi-Urban,0.6005,0
46,75700.0,981000.0,48,476,Business,4,1,Not Graduate,Rural,0.27,0
43,20000.0,877000.0,24,642,Business,0,1,Not Graduate,Urban,1.8271,0
48,94400.0,874000.0,48,400,Salaried,3,0,Graduate,Rural,0.1929,0
34,69400.0,1011000.0,48,700,Salaried,0,2,Graduate,Rural,0.3035,0
54,41600.0,845000.0,12,327,Salaried,1,3,Graduate,Urban,1.6927,0
55,27000.0,1325000.0,60,836,Self-Employed,0,1,Graduate,Urban,0.8179,0
62,91500.0,1030000.0,36,357,Salaried,0,2,Not Graduate,Urban,0.3127,0
56,42200.0,843000.0,48,797,Salaried,0,3,Graduate,Urban,0.4162,0
22,48500.0,1253000.0,60,596,Salaried,2,2,Not Graduate,Urban,0.4306,0
42,59400.0,929000.0,36,433,Salaried,2,0,Graduate,Semi-Urban,0.4344,0
27,31100.0,472000.0,48,630,Self-Employed,3,0,Graduate,Semi-Urban,0.3162,0
49,42600.0,350000.0,36,548,Salaried,1,0,Graduate,Rural,0.2282,1
38,75600.0,271000.0,60,849,Self-Employed,0,1,Graduate,Urban,0.0597,1
26,71800.0,1354000.0,24,374,Salaried,0,3,Graduate,Rural,0.7857,1
52,72200.0,1080000.0,60,467,Salaried,0,0,Not Graduate,Urban,0.2493,0
26,27500.0,1409000.0,12,802,Self-Employed,0,1,Not Graduate,Rural,4.2697,0
59,43600.0,925000.0,36,654,Business,2,1,Graduate,Urban,0.5893,0
24,40200.0,736000.0,24,524,Self-Employed,3,1,Graduate,Urban,0.7629,0
44,60600.0,137000.0,36,830,Salaried,4,1,Graduate,Rural,0.0628,0
58,58000.0,1024000.0,36,445,Salaried,1,0,Not Graduate,Urban,0.4904,0
58,53000.0,894000.0,48,540,Business,0,1,Graduate,Semi-Urban,0.3514,0
31,168200.0,1486000.0,12,643,Salaried,3,0,Not Graduate,Semi-Urban,0.7362,0
31,42400.0,397000.0,36,334,Salaried,4,0,Graduate,Semi-Urban,0.2601,0
40,40000.0,820000.0,60,300,Business,3,1,Graduate,Semi-Urban,0.3417,0
38,27500.0,994000.0,60,452,Business,2,0,Not Graduate,Semi-Urban,0.6024,0
42,22700.0,985000.0,48,728,Business,4,3,Graduate,Urban,0.904,0
35,26600.0,864000.0,12,807,Business,3,3,Graduate,Semi-Urban,2.7068,0
30,34200.0,1177000.0,12,425,Business,2,2,Graduate,Rural,2.8679,0
22,94400.0,347000.0,60,790,Salaried,3,3,Graduate,Urban,0.0613,0
34,50000.0,1102000.0,24,781,Salaried,3,0,Graduate,Urban,0.9183,0
25,54000.0,949000.0,48,644,Self-Employed,4,0,Not Graduate,Semi-Urban,0.3661,0
22,46700.0,1349000.0,48,520,Salaried,2,3,Not Graduate,Semi-Urban,0.6018,0
61,58800.0,1278000.0,60,324,Salaried,0,1,Graduate,Semi-Urban,0.3622,0
53,98800.0,507000.0,60,827,Salaried,1,1,Not Graduate,Urban,0.0855,0
55,18100.0,451000.0,24,481,Salaried,4,0,Graduate,Semi-Urban,1.0382,0
49,90100.0,1473000.0,24,798,Self-Employed,2,1,Graduate,Urban,0.6812,0
52,13900.0,815000.0,12,341,Salaried,3,2,Graduate,Semi-Urban,4.8861,0
29,49700.0,1364000.0,48,780,Salaried,2,2,Graduate,Rural,0.5718,0
60,146700.0,288000.0,48,738,Salaried,1,3,Graduate,Urban,0.0409,0
47,68900.0,982000.0,60,701,Self-Employed,1,3,Not Graduate,Semi-Urban,0.2375,1
55,59100.0,1224000.0,12,845,Salaried,0,1,Graduate,Rural,1.7259,0
24,133400.0,1424000.0,48,644,Salaried,0,0,Graduate,Semi-Urban,0.2224,0
33,34500.0,539000.0,12,344,Self-Employed,1,3,Graduate,Rural,1.3019,0
22,60900.0,1101000.0,12,320,Salaried,4,2,Not Graduate,Semi-Urban,1.5066,0
26,65500.0,831000.0,60,369,Salaried,4,3,Not Graduate,Rural,0.2115,0
51,37800.0,138000.0,12,347,Salaried,3,3,Graduate,Urban,0.3042,0
51,39500.0,1050000.0,24,790,Salaried,0,2,Graduate,Urban,1.1076,0
38,37400.0,1051000.0,24,586,Business,3,0,Graduate,Urban,1.1709,0
44,51200.0,1399000.0,36,309,Salaried,0,3,Graduate,Semi-Urban,0.759,0
36,64400.0,771000.0,60,841,Self-Employed,1,3,Graduate,Rural,0.1995,0
58,52100.0,384000.0,36,573,Salaried,4,3,Graduate,Urban,0.2047,0
42,69900.0,115000.0,24,680,Salaried,4,1,Graduate,Semi-Urban,0.0686,0
35,18300.0,653000.0,36,628,Self-Employed,1,3,Graduate,Semi-Urban,0.9912,1
23,44000.0,488000.0,60,778,Salaried,3,2,Graduate,Semi-Urban,0.1848,0
32,29400.0,1154000.0,60,314,Salaried,3,0,Not Graduate,Urban,0.6542,0
60,57000.0,564000.0,12,815,Salaried,2,0,Not Graduate,Semi-Urban,0.8246,0
59,56600.0,1426000.0,48,490,Salaried,0,2,Graduate,Urban,0.5249,0
55,46300.0,1445000.0,12,467,Self-Employed,3,1,Graduate,Urban,2.6008,0
59,63300.0,950000.0,60,820,Salaried,1,2,Graduate,Rural,0.2501,0
55,80700.0,1397000.0,24,436,Business,3,0,Graduate,Urban,0.7213,0
39,47600.0,1153000.0,24,453,Self-Employed,4,2,Not Graduate,Urban,1.0093,0
51,29000.0,843000.0,12,687,Salaried,0,1,Graduate,Rural,2.4224,0
36,22200.0,311000.0,60,508,Salaried,2,0,Not Graduate,Urban,0.2335,0
48,49900.0,715000.0,24,571,Salaried,0,1,Not Graduate,Semi-Urban,0.597,0
55,55300.0,863000.0,60,442,Self-Employed,4,2,Graduate,Urban,0.2601,0
59,30200.0,1303000.0,24,368,Salaried,4,3,Graduate,Urban,1.7977,0
54,70500.0,748000.0,60,546,Business,4,2,Graduate,Urban,0.1768,0
45,39000.0,1352000.0,36,560,Salaried,4,1,Graduate,Urban,0.963,0
36,21400.0,1028000.0,60,378,Business,1,2,Graduate,Semi-Urban,0.8006,0
51,91900.0,249000.0,60,824,Salaried,2,3,Graduate,Semi-Urban,0.0452,0
63,86900.0,1493000.0,12,629,Business,4,1,Not Graduate,Semi-Urban,1.4317,0
38,17900.0,814000.0,36,488,Salaried,4,2,Graduate,Rural,1.2632,1
26,37000.0,618000.0,48,394,Salaried,3,1,Graduate,Urban,0.348,0
50,36300.0,1006000.0,12,307,Salaried,2,1,Graduate,Semi-Urban,2.3095,0
25,111300.0,208000.0,48,366,Salaried,0,0,Not Graduate,Semi-Urban,0.0389,0
31,46600.0,973000.0,24,795,Business,2,0,Graduate,Rural,0.87,0
38,23200.0,772000.0,48,490,Salaried,2,1,Not Graduate,Urban,0.6932,0
31,76200.0,640000.0,60,665,Salaried,2,2,Graduate,Semi-Urban,0.14,0
38,26500.0,1432000.0,48,820,Self-Employed,4,2,Graduate,Rural,1.1258,0
41,43000.0,808000.0,12,416,Salaried,4,2,Graduate,Urban,1.5659,0
45,33400.0,368000.0,12,566,Salaried,1,3,Graduate,Rural,0.9182,0
26,37000.0,715000.0,48,784,Self-Employed,0,1,Not Graduate,Urban,0.4026,0
55,78300.0,1383000.0,12,808,Salaried,3,1,Graduate,Semi-Urban,1.4719,0
27,104900.0,305000.0,12,597,Business,2,3,Not Graduate,Rural,0.2423,0
23,25900.0,360000.0,48,463,Salaried,0,1,Graduate,Semi-Urban,0.2896,0
34,67000.0,69000.0,36,675,Salaried,0,1,Graduate,Semi-Urban,0.0286,0
64,34000.0,71000.0,36,567,Self-Employed,1,3,Graduate,Urban,0.058,0
64,34500.0,1253000.0,24,848,Self-Employed,3,0,Graduate,Rural,1.5133,0
32,62600.0,1112000.0,12,373,Salaried,2,1,Not Graduate,Semi-Urban,1.4803,0
44,29300.0,565000.0,48,807,Self-Employed,3,3,Not Graduate,Urban,0.4017,0
37,62000.0,1063000.0,12,372,Salaried,1,2,Graduate,Semi-Urban,1.4288,0
52,70600.0,623000.0,60,607,Salaried,4,0,Graduate,Semi-Urban,0.1471,1
32,39500.0,1432000.0,12,498,Business,0,2,Graduate,Urban,3.0211,0
37,95200.0,1452000.0,12,429,Salaried,2,1,Graduate,Urban,1.271,0
29,25900.0,620000.0,36,786,Salaried,4,0,Graduate,Urban,0.665,0
25,96100.0,1289000.0,48,450,Business,1,3,Graduate,Semi-Urban,0.2794,0
61,18500.0,1171000.0,12,505,Business,3,1,Graduate,Semi-Urban,5.2748,0
25,189100.0,499000.0,36,478,Salaried,0,3,Graduate,Semi-Urban,0.0733,1
46,40000.0,386000.0,24,496,Salaried,2,0,Graduate,Rural,0.4021,0
24,27400.0,714000.0,36,388,Self-Employed,4,2,Graduate,Rural,0.7238,0
53,43600.0,1183000.0,36,733,Business,4,1,Graduate,Semi-Urban,0.7537,0
24,29000.0,1442000.0,36,482,Business,0,1,Graduate,Urban,1.3812,0
48,59500.0,1157000.0,12,508,Salaried,3,3,Not Graduate,Semi-Urban,1.6204,0
50,97100.0,1290000.0,12,792,Salaried,1,0,Graduate,Semi-Urban,1.1071,0
53,29800.0,924000.0,24,429,Salaried,3,3,Graduate,Semi-Urban,1.2919,0
40,65500.0,1261000.0,60,312,Self-Employed,3,0,Graduate,Semi-Urban,0.3209,0
42,22800.0,1187000.0,60,405,Self-Employed,3,1,Graduate,Urban,0.8677,0
26,82200.0,597000.0,60,674,Self-Employed,0,0,Not Graduate,Rural,0.121,0
39,60400.0,850000.0,24,398,Business,0,1,Graduate,Urban,0.5864,0
49,84000.0,1217000.0,60,491,Salaried,1,0,Not Graduate,Semi-Urban,0.2415,0
63,46100.0,117000.0,60,624,Salaried,3,2,Not Graduate,Urban,0.0423,0
43,39400.0,1222000.0,36,766,Salaried,0,0,Graduate,Rural,0.8615,0
42,73700.0,308000.0,12,666,Salaried,1,2,Graduate,Urban,0.3483,0
27,25500.0,796000.0,12,617,Salaried,1,0,Not Graduate,Urban,2.6013,1
22,20500.0,1222000.0,36,443,Salaried,3,0,Graduate,Urban,1.6558,0
26,48900.0,418000.0,36,683,Self-Employed,2,3,Graduate,Urban,0.2374,0
62,40300.0,406000.0,36,515,Business,3,3,Graduate,Urban,0.2798,0
33,64700.0,634000.0,12,660,Salaried,2,1,Graduate,Semi-Urban,0.8166,0
47,84600.0,1347000.0,60,623,Salaried,1,3,Graduate,Semi-Urban,0.2654,0
55,64000.0,51000.0,36,314,Salaried,0,0,Graduate,Urban,0.0221,0
35,81300.0,1357000.0,24,516,Self-Employed,4,3,Not Graduate,Urban,0.6955,0
47,57600.0,273000.0,36,791,Self-Employed,1,0,Graduate,Rural,0.1317,0
48,62800.0,1486000.0,48,846,Self-Employed,0,2,Not Graduate,Semi-Urban,0.493,0
30,46200.0,1435000.0,36,482,Salaried,1,0,Graduate,Semi-Urban,0.8628,0
47,61900.0,767000.0,12,569,Salaried,3,1,Graduate,Semi-Urban,1.0326,0
43,53300.0,793000.0,36,766,Salaried,2,2,Graduate,Urban,0.4133,0
51,57700.0,748000.0,48,818,Self-Employed,1,1,Graduate,Urban,0.2701,0
64,45100.0,971000.0,24,841,Business,0,1,Graduate,Urban,0.8971,0
38,73500.0,182000.0,60,766,Business,3,1,Graduate,Rural,0.0413,0
47,34400.0,97000.0,36,604,Salaried,4,3,Not Graduate,Rural,0.0783,0
57,48600.0,134000.0,48,443,Self-Employed,3,1,Graduate,Semi-Urban,0.0574,0
22,94500.0,694000.0,48,410,Business,2,2,Graduate,Urban,0.153,0
29,30500.0,450000.0,24,531,Salaried,3,0,Not Graduate,Urban,0.6148,0
56,16600.0,952000.0,12,799,Salaried,4,1,Not Graduate,Urban,4.7791,1
36,58900.0,1489000.0,36,572,Business,0,2,Graduate,Semi-Urban,0.7022,0
43,43100.0,610000.0,48,472,Salaried,1,1,Graduate,Urban,0.2949,0
35,81300.0,882000.0,24,306,Business,2,0,Not Graduate,Rural,0.452,0
47,45900.0,653000.0,60,454,Business,4,2,Graduate,Urban,0.2371,0
49,36200.0,1279000.0,48,821,Self-Employed,2,2,Graduate,Rural,0.7361,0
44,47200.0,1358000.0,24,845,Business,3,0,Graduate,Rural,1.1988,0
35,84700.0,1322000.0,12,847,Self-Employed,2,2,Not Graduate,Rural,1.3007,0
45,65400.0,1463000.0,12,817,Self-Employed,4,0,Graduate,Semi-Urban,1.8642,0
23,14500.0,90000.0,48,514,Salaried,1,2,Not Graduate,Semi-Urban,0.1293,0
47,53800.0,1268000.0,48,433,Salaried,1,2,Graduate,Semi-Urban,0.491,0
35,55200.0,1140000.0,36,584,Salaried,2,0,Not Graduate,Semi-Urban,0.5737,0
28,48600.0,382000.0,24,425,Self-Employed,0,0,Graduate,Semi-Urban,0.3275,0
24,36100.0,1437000.0,48,738,Salaried,2,2,Graduate,Rural,0.8293,0
44,89100.0,265000.0,36,451,Salaried,3,2,Not Graduate,Semi-Urban,0.0826,0
64,91300.0,1035000.0,36,630,Salaried,1,0,Graduate,Rural,0.3149,0
39,16300.0,376000.0,48,837,Self-Employed,1,3,Graduate,Rural,0.4806,0
59,32900.0,676000.0,12,682,Business,1,0,Graduate,Urban,1.7123,0
56,45600.0,1093000.0,24,414,Business,0,2,Graduate,Urban,0.9987,0
36,78800.0,867000.0,24,781,Salaried,0,2,Graduate,Semi-Urban,0.4584,0
46,49900.0,670000.0,12,583,Business,4,2,Not Graduate,Semi-Urban,1.1189,0
58,34800.0,523000.0,48,374,Self-Employed,2,0,Graduate,Rural,0.3131,0
49,69900.0,1268000.0,24,465,Salaried,2,2,Graduate,Semi-Urban,0.7558,1
31,44100.0,259000.0,48,488,Self-Employed,3,3,Graduate,Semi-Urban,0.1224,0
60,46200.0,674000.0,48,377,Salaried,1,1,Graduate,Semi-Urban,0.3039,0
38,48400.0,1360000.0,36,320,Business,0,3,Not Graduate,Urban,0.7805,0
60,65300.0,1276000.0,12,483,Salaried,3,0,Graduate,Semi-Urban,1.6284,0
43,42000.0,631000.0,48,521,Salaried,3,2,Graduate,Rural,0.313,1
47,69100.0,1157000.0,60,627,Self-Employed,0,0,Not Graduate,Urban,0.2791,0
46,47300.0,1244000.0,12,478,Salaried,2,1,Graduate,Semi-Urban,2.1917,0
38,28800.0,1339000.0,24,411,Salaried,1,0,Not Graduate,Semi-Urban,1.9372,0
34,48100.0,840000.0,36,358,Self-Employed,2,2,Not Graduate,Urban,0.4851,0
41,29500.0,346000.0,24,626,Salaried,3,1,Not Graduate,Urban,0.4887,0
46,50000.0,420000.0,24,490,Self-Employed,1,1,Graduate,Rural,0.35,0
25,74200.0,479000.0,12,499,Salaried,4,2,Not Graduate,Urban,0.538,0
31,28700.0,911000.0,24,611,Self-Employed,3,2,Not Graduate,Urban,1.3226,0
24,58800.0,98000.0,48,334,Self-Employed,2,2,Graduate,Urban,0.0347,0
62,32400.0,972000.0,24,678,Salaried,2,0,Graduate,Semi-Urban,1.25,0
39,54200.0,578000.0,36,686,Self-Employed,2,3,Graduate,Semi-Urban,0.2962,0
57,75400.0,478000.0,36,536,Self-Employed,0,0,Graduate,Semi-Urban,0.1761,0
43,16900.0,1325000.0,60,818,Self-Employed,3,0,Graduate,Urban,1.3067,0
55,28100.0,717000.0,36,582,Self-Employed,1,3,Graduate,Rural,0.7088,0
29,40800.0,188000.0,24,300,Business,2,2,Graduate,Urban,0.192,0
61,57400.0,1249000.0,36,763,Salaried,2,2,Graduate,Urban,0.6044,0
40,45100.0,119000.0,12,529,Salaried,0,3,Graduate,Semi-Urban,0.2199,0
63,47900.0,1104000.0,36,471,Business,1,3,Graduate,Urban,0.6402,0
62,136100.0,1172000.0,48,386,Salaried,3,0,Not Graduate,Rural,0.1794,0
58,26700.0,561000.0,12,422,Salaried,4,1,Graduate,Rural,1.7509,0
27,86500.0,1246000.0,60,597,Salaried,0,3,Graduate,Urban,0.2401,0
47,41200.0,798000.0,48,783,Salaried,3,0,Graduate,Rural,0.4035,0
55,64500.0,722000.0,24,464,Salaried,4,1,Graduate,Rural,0.4664,0
27,142100.0,116000.0,24,682,Business,2,2,Not Graduate,Rural,0.034,0
58,69200.0,471000.0,24,508,Salaried,2,2,Not Graduate,Urban,0.2836,0
54,59100.0,1400000.0,48,731,Salaried,1,0,Graduate,Semi-Urban,0.4935,0
43,109000.0,618000.0,48,688,Business,4,0,Not Graduate,Urban,0.1181,0
42,86000.0,843000.0,48,523,Business,2,3,Graduate,Rural,0.2042,0
27,32900.0,821000.0,12,302,Salaried,2,2,Graduate,Urban,2.0795,1
27,56800.0,906000.0,12,671,Salaried,1,0,Graduate,Semi-Urban,1.3292,0
25,20800.0,139000.0,24,745,Business,3,2,Not Graduate,Urban,0.2784,0
51,37400.0,575000.0,36,415,Self-Employed,2,2,Graduate,Urban,0.4271,0
32,57400.0,1099000.0,24,569,Self-Employed,0,3,Not Graduate,Semi-Urban,0.7978,0
51,36300.0,341000.0,60,746,Business,0,1,Not Graduate,Rural,0.1566,0
52,56200.0,345000.0,12,667,Self-Employed,3,3,Graduate,Semi-Urban,0.5116,0
45,48700.0,65000.0,48,552,Salaried,4,0,Graduate,Rural,0.0278,0
30,64100.0,684000.0,12,616,Self-Employed,1,3,Not Graduate,Urban,0.8892,0
24,39700.0,1330000.0,48,714,Salaried,0,3,Graduate,Semi-Urban,0.6979,0
52,30600.0,125000.0,60,394,Self-Employed,0,2,Graduate,Semi-Urban,0.0681,0
61,102600.0,327000.0,60,323,Self-Employed,3,3,Graduate,Urban,0.0531,0
58,38300.0,500000.0,12,349,Salaried,4,0,Graduate,Semi-Urban,1.0879,0
57,68200.0,1111000.0,48,801,Salaried,4,1,Graduate,Semi-Urban,0.3394,0
45,100500.0,979000.0,60,797,Salaried,3,3,Graduate,Semi-Urban,0.1624,1
52,53200.0,653000.0,24,634,Salaried,0,3,Graduate,Semi-Urban,0.5114,0
27,31900.0,1151000.0,24,378,Self-Employed,1,1,Graduate,Semi-Urban,1.5034,0
23,44800.0,934000.0,48,326,Salaried,0,0,Not Graduate,Urban,0.4343,0
41,81500.0,1349000.0,12,570,Self-Employed,4,0,Not Graduate,Urban,1.3793,0
49,54300.0,1236000.0,60,546,Salaried,0,3,Graduate,Semi-Urban,0.3794,0
32,26800.0,417000.0,12,686,Self-Employed,1,2,Graduate,Urban,1.2966,0
25,66100.0,444000.0,24,660,Business,2,3,Not Graduate,Urban,0.2799,0
36,72000.0,232000.0,60,787,Self-Employed,0,1,Graduate,Semi-Urban,0.0537,0
27,41000.0,539000.0,12,651,Salaried,3,1,Graduate,Semi-Urban,1.0955,0
51,66500.0,1499000.0,36,555,Business,2,1,Not Graduate,Urban,0.6261,0
59,55400.0,638000.0,48,521,Salaried,3,3,Not Graduate,Semi-Urban,0.2399,0
23,44400.0,370000.0,48,300,Salaried,3,3,Not Graduate,Semi-Urban,0.1736,0
36,25700.0,1156000.0,36,845,Salaried,3,0,Not Graduate,Urban,1.2495,0
32,84000.0,837000.0,24,745,Salaried,0,2,Graduate,Rural,0.4152,0
29,71700.0,267000.0,60,378,Business,4,3,Graduate,Semi-Urban,0.0621,0
47,65600.0,602000.0,48,535,Salaried,2,0,Not Graduate,Semi-Urban,0.1912,0
26,106100.0,651000.0,36,633,Self-Employed,1,3,Graduate,Semi-Urban,0.1704,1
27,78600.0,1143000.0,36,648,Self-Employed,4,0,Graduate,Urban,0.4039,0
47,69100.0,80000.0,24,397,Salaried,0,0,Not Graduate,Semi-Urban,0.0482,0
25,16200.0,440000.0,24,381,Self-Employed,3,2,Not Graduate,Urban,1.1317,0
40,89200.0,801000.0,12,801,Salaried,1,3,Graduate,Rural,0.7483,0
41,51100.0,440000.0,48,776,Salaried,2,0,Not Graduate,Rural,0.1794,0
54,57300.0,961000.0,12,849,Salaried,4,1,Not Graduate,Semi-Urban,1.3976,0
41,57500.0,749000.0,36,313,Business,4,1,Not Graduate,Urban,0.3618,0
33,72200.0,574000.0,60,691,Business,1,1,Graduate,Urban,0.1325,0
22,85900.0,1426000.0,60,646,Salaried,0,2,Graduate,Urban,0.2767,0
47,67300.0,967000.0,24,609,Salaried,2,0,Graduate,Semi-Urban,0.5987,1
35,62200.0,238000.0,60,685,Self-Employed,1,2,Graduate,Urban,0.0638,0
59,55000.0,862000.0,60,508,Salaried,3,3,Graduate,Semi-Urban,0.2612,0
58,9200.0,1182000.0,60,656,Business,2,3,Graduate,Urban,2.1413,0
32,42500.0,1077000.0,36,393,Self-Employed,4,0,Graduate,Rural,0.7039,0
57,30600.0,300000.0,60,392,Salaried,1,1,Not Graduate,Urban,0.1634,0
34,89800.0,1460000.0,60,639,Business,4,0,Graduate,Rural,0.271,0
64,66800.0,701000.0,60,744,Salaried,4,0,Not Graduate,Rural,0.1749,0
24,39000.0,281000.0,12,321,Business,4,0,Not Graduate,Semi-Urban,0.6004,0
54,41000.0,311000.0,36,590,Business,0,2,Graduate,Semi-Urban,0.2107,0
27,40300.0,192000.0,24,784,Salaried,4,3,Not Graduate,Semi-Urban,0.1985,0
31,39900.0,1215000.0,12,605,Salaried,3,0,Graduate,Semi-Urban,2.5376,1
26,23800.0,227000.0,48,427,Business,3,0,Graduate,Urban,0.1987,1
44,21400.0,231000.0,36,572,Business,2,0,Not Graduate,Urban,0.2998,0
31,49700.0,1283000.0,36,741,Salaried,4,2,Graduate,Semi-Urban,0.7171,0
23,83900.0,550000.0,48,802,Business,4,2,Not Graduate,Semi-Urban,0.1366,0
34,37500.0,95000.0,48,429,Salaried,1,2,Graduate,Semi-Urban,0.0528,0
61,57100.0,125000.0,48,431,Salaried,0,0,Not Graduate,Urban,0.0456,0
23,70800.0,256000.0,24,781,Business,2,1,Graduate,Urban,0.1507,0
41,29800.0,359000.0,60,689,Salaried,4,1,Graduate,Urban,0.2008,0
22,48500.0,1014000.0,36,624,Business,1,1,Graduate,Urban,0.5808,1
58,35100.0,278000.0,60,368,Salaried,0,3,Not Graduate,Urban,0.132,1
30,109400.0,222000.0,60,747,Self-Employed,2,0,Not Graduate,Urban,0.0338,0
38,107100.0,1159000.0,48,827,Salaried,2,1,Graduate,Urban,0.2255,0
30,29800.0,1023000.0,24,464,Salaried,4,1,Graduate,Rural,1.4304,0
32,59500.0,681000.0,12,787,Self-Employed,2,1,Graduate,Urban,0.9538,0
36,83600.0,846000.0,24,725,Salaried,1,0,Not Graduate,Semi-Urban,0.4217,0
45,74900.0,502000.0,60,564,Salaried,2,1,Graduate,Urban,0.1117,0
59,51100.0,750000.0,24,641,Salaried,3,1,Not Graduate,Rural,0.6115,0
56,94200.0,785000.0,48,577,Salaried,1,0,Not Graduate,Semi-Urban,0.1736,0
51,31200.0,611000.0,12,738,Business,0,3,Graduate,Urban,1.6319,0
52,42100.0,1365000.0,48,456,Salaried,0,2,Graduate,Semi-Urban,0.6755,0
26,31600.0,73000.0,12,721,Self-Employed,4,1,Graduate,Urban,0.1925,0
35,72500.0,1184000.0,60,550,Salaried,4,2,Not Graduate,Semi-Urban,0.2722,0
32,36600.0,230000.0,12,829,Salaried,3,3,Graduate,Urban,0.5237,0
30,45000.0,1206000.0,12,626,Salaried,0,3,Graduate,Rural,2.2333,1
55,66800.0,943000.0,12,396,Salaried,0,1,Not Graduate,Semi-Urban,1.1764,0
33,69500.0,1273000.0,24,812,Salaried,0,0,Graduate,Urban,0.7632,0
56,31100.0,191000.0,24,515,Self-Employed,0,3,Graduate,Semi-Urban,0.2559,0
56,83100.0,861000.0,60,431,Business,2,2,Graduate,Urban,0.1727,0
22,61600.0,777000.0,12,559,Salaried,1,2,Graduate,Rural,1.0511,1
61,28500.0,1074000.0,36,424,Salaried,1,2,Not Graduate,Semi-Urban,1.0468,0
43,25200.0,825000.0,60,381,Salaried,3,2,Graduate,Semi-Urban,0.5456,0
50,48600.0,834000.0,12,582,Salaried,2,3,Graduate,Urban,1.43,0
29,75000.0,673000.0,12,358,Salaried,0,1,Not Graduate,Rural,0.7478,0
32,76000.0,498000.0,24,843,Salaried,0,1,Graduate,Semi-Urban,0.273,0
62,58600.0,749000.0,60,460,Salaried,4,2,Not Graduate,Urban,0.213,0
58,50200.0,222000.0,12,583,Salaried,4,1,Not Graduate,Urban,0.3685,0
35,63300.0,1444000.0,12,405,Salaried,3,2,Graduate,Urban,1.901,1
51,32000.0,1086000.0,60,404,Salaried,0,2,Graduate,Rural,0.5656,0
56,113900.0,1431000.0,36,738,Salaried,3,0,Not Graduate,Urban,0.349,0
42,113200.0,379000.0,60,527,Salaried,2,3,Graduate,Semi-Urban,0.0558,0
58,60700.0,1325000.0,60,617,Salaried,1,3,Graduate,Urban,0.3638,0
26,54100.0,1223000.0,36,763,Salaried,0,2,Not Graduate,Urban,0.628,0
40,39900.0,1032000.0,60,771,Salaried,2,3,Graduate,Semi-Urban,0.4311,0
35,63900.0,956000.0,12,355,Salaried,0,1,Not Graduate,Rural,1.2467,0
47,34700.0,509000.0,60,312,Salaried,4,2,Graduate,Semi-Urban,0.2445,0
25,16100.0,1234000.0,36,739,Salaried,3,0,Graduate,Rural,2.1291,0
46,12600.0,777000.0,48,317,Salaried,4,1,Graduate,Semi-Urban,1.2847,0
63,32900.0,153000.0,60,412,Salaried,1,0,Not Graduate,Urban,0.0775,0
46,53000.0,504000.0,24,528,Self-Employed,4,0,Not Graduate,Urban,0.3962,0
39,57900.0,1406000.0,12,470,Salaried,0,3,Not Graduate,Semi-Urban,2.0236,0
61,38400.0,1283000.0,12,594,Salaried,4,3,Graduate,Rural,2.7843,0
29,52600.0,1474000.0,24,488,Business,0,2,Graduate,Rural,1.1676,0
60,42700.0,961000.0,24,725,Salaried,1,3,Graduate,Urban,0.9377,0
61,29700.0,409000.0,60,378,Salaried,4,0,Graduate,Urban,0.2295,0
35,47700.0,286000.0,24,481,Business,3,0,Graduate,Urban,0.2498,0
53,73600.0,321000.0,48,798,Business,3,1,Graduate,Rural,0.0909,0
59,30400.0,79000.0,36,370,Salaried,3,0,Graduate,Rural,0.0722,1
54,30400.0,616000.0,24,547,Salaried,4,2,Not Graduate,Rural,0.8443,0
44,28700.0,328000.0,24,445,Salaried,4,2,Graduate,Urban,0.4762,0
36,18600.0,647000.0,48,595,Salaried,4,3,Not Graduate,Semi-Urban,0.7247,0
54,38600.0,1406000.0,12,769,Self-Employed,0,3,Graduate,Semi-Urban,3.0354,1
46,70100.0,674000.0,12,805,Salaried,1,3,Graduate,Urban,0.8012,1
38,53500.0,1323000.0,60,492,Salaried,3,2,Graduate,Semi-Urban,0.4121,0
54,45000.0,928000.0,48,367,Business,0,0,Graduate,Urban,0.4296,0
23,52300.0,408000.0,36,793,Business,3,3,Graduate,Urban,0.2167,0
35,38400.0,566000.0,36,351,Salaried,0,1,Graduate,Rural,0.4094,0
61,18500.0,172000.0,48,662,Self-Employed,4,3,Graduate,Rural,0.1937,0
61,72500.0,534000.0,36,773,Salaried,3,2,Not Graduate,Semi-Urban,0.2046,0
60,83700.0,1032000.0,12,820,Business,4,3,Not Graduate,Semi-Urban,1.0275,0
27,34100.0,155000.0,36,730,Salaried,3,0,Not Graduate,Urban,0.1263,0
27,45500.0,348000.0,36,597,Salaried,2,3,Graduate,Semi-Urban,0.2125,0
24,43500.0,603000.0,48,734,Salaried,0,2,Graduate,Rural,0.2888,0
28,58400.0,1474000.0,48,497,Salaried,2,2,Graduate,Rural,0.5258,0
29,114100.0,1188000.0,36,427,Salaried,0,1,Graduate,Semi-Urban,0.2892,0
63,87500.0,1114000.0,24,831,Self-Employed,1,2,Graduate,Urban,0.5305,0
36,40600.0,218000.0,48,710,Self-Employed,3,1,Graduate,Urban,0.1119,0
50,64300.0,1182000.0,60,364,Salaried,1,0,Graduate,Semi-Urban,0.3064,0
54,91800.0,1189000.0,60,540,Salaried,1,2,Graduate,Urban,0.2159,0
51,60100.0,922000.0,12,668,Salaried,0,3,Graduate,Rural,1.2784,0
60,48900.0,1486000.0,36,835,Business,2,0,Not Graduate,Urban,0.8441,0
48,61300.0,522000.0,24,683,Business,4,3,Not Graduate,Urban,0.3548,0
57,34500.0,1415000.0,12,730,Business,0,3,Not Graduate,Urban,3.4179,0
50,37100.0,1376000.0,36,382,Business,4,3,Not Graduate,Rural,1.0302,0
59,28800.0,67000.0,48,585,Salaried,1,0,Graduate,Urban,0.0485,0
54,57200.0,703000.0,60,833,Salaried,4,0,Not Graduate,Semi-Urban,0.2048,0
58,45900.0,1467000.0,24,758,Self-Employed,2,2,Not Graduate,Semi-Urban,1.3317,0
48,32500.0,200000.0,60,511,Business,0,3,Graduate,Urban,0.1026,0
54,45200.0,844000.0,48,425,Salaried,2,1,Graduate,Semi-Urban,0.389,0
25,62000.0,1469000.0,36,712,Salaried,2,2,Not Graduate,Semi-Urban,0.6582,0
43,127700.0,855000.0,48,798,Business,0,0,Graduate,Semi-Urban,0.1395,0
23,81300.0,325000.0,48,724,Salaried,2,1,Not Graduate,Rural,0.0833,0
31,15600.0,894000.0,60,842,Salaried,3,0,Graduate,Urban,0.9551,0
