StudentID,Age,Gender,Department,Study_Hours_Per_Day,Attendance_Pct,Assignment_Score,Midterm_Score,Final_Score,Projects_Completed,Part_Time_Job,Internet_Hours,Sleep_Hours,Family_Income_LPA,GPA,Grade,Pass
STU1000,18,Female,Mechanical,2.5,83.3,90.7,47.2,47.9,2,0,5.3,8.8,2.0,1.92,D,0
STU1001,20,Male,Computer Science,4.9,68.1,81.2,56.8,41.5,3,0,3.4,8.8,6.6,1.66,D,0
STU1002,18,Female,Mechanical,3.6,56.1,69.0,62.1,27.5,0,0,3.5,5.3,4.8,1.1,F,0
STU1003,18,Male,Computer Science,5.6,68.6,69.3,63.7,52.5,5,0,3.1,6.2,6.4,2.1,D,1
STU1004,21,Female,Computer Science,4.0,72.8,64.5,60.3,35.5,0,1,4.7,6.0,6.8,1.42,F,0
STU1005,22,Male,Business,5.2,67.1,69.2,74.8,58.7,4,1,4.1,7.3,14.3,2.35,C,1
STU1006,24,Male,Business,4.8,57.0,76.4,45.4,53.0,4,0,1.3,7.0,6.4,2.12,D,1
STU1007,25,Male,Business,5.9,76.7,88.2,69.5,52.4,4,0,3.3,6.2,3.3,2.1,D,1
STU1008,19,Male,Civil,5.8,95.7,45.6,64.0,48.6,3,1,2.4,5.8,5.1,1.94,D,0
STU1009,25,Female,Computer Science,1.5,85.8,83.6,70.1,43.5,1,0,2.4,6.4,19.1,1.74,D,0
STU1010,19,Male,Civil,4.9,87.0,67.8,70.5,41.9,2,0,4.4,8.0,9.2,1.68,D,0
STU1011,22,Male,Computer Science,6.0,87.0,73.7,54.4,40.8,3,0,4.0,5.3,3.4,1.63,D,0
STU1012,21,Male,Computer Science,8.2,78.2,87.7,57.4,56.8,2,0,5.1,6.1,3.8,2.27,C,1
STU1013,20,Male,Computer Science,4.4,99.3,66.7,96.0,53.3,4,0,3.2,8.0,1.9,2.13,D,1
STU1014,20,Female,Electronics,6.8,60.2,80.5,68.1,47.3,4,0,2.1,7.2,5.0,1.89,D,0
STU1015,18,Female,Mechanical,0.7,67.9,62.1,77.1,48.3,0,0,4.6,9.2,3.2,1.93,D,0
STU1016,23,Male,Electronics,6.0,78.5,51.7,60.9,44.5,5,0,5.5,7.1,7.0,1.78,D,0
STU1017,22,Female,Computer Science,2.5,89.2,57.7,62.3,48.5,1,0,3.1,10.0,1.4,1.94,D,0
STU1018,19,Female,Mechanical,5.9,86.5,53.0,57.1,43.1,1,0,4.2,6.7,2.7,1.72,D,0
STU1019,24,Female,Mechanical,4.2,90.1,83.6,75.9,63.1,3,0,0.9,6.4,3.9,2.52,C,1
STU1020,25,Male,Computer Science,5.9,75.2,64.1,79.1,38.9,4,0,3.0,6.7,10.7,1.56,F,0
STU1021,25,Male,Mechanical,4.4,56.4,59.2,45.0,36.7,3,1,2.6,6.8,4.2,1.47,F,0
STU1022,20,Male,Computer Science,3.7,94.4,82.7,85.2,68.1,1,0,5.5,5.8,1.6,2.72,B,1
STU1023,24,Male,Computer Science,8.6,63.3,76.4,71.2,64.5,5,0,2.2,6.9,5.3,2.58,C,1
STU1024,25,Female,Mechanical,3.8,66.3,88.1,63.3,43.0,0,0,2.4,6.8,9.2,1.72,D,0
STU1025,25,Female,Mechanical,1.2,55.5,77.8,84.3,35.2,0,1,4.4,6.8,1.7,1.41,F,0
STU1026,21,Female,Computer Science,4.0,89.6,92.6,92.1,63.5,1,0,4.8,6.9,6.0,2.54,C,1
STU1027,22,Male,Mechanical,4.0,82.2,58.4,57.1,51.7,0,0,2.3,6.8,4.6,2.07,D,1
STU1028,21,Female,Electronics,3.0,85.6,73.4,60.9,47.8,2,0,2.4,6.9,3.7,1.91,D,0
STU1029,25,Male,Civil,2.5,86.4,65.5,72.7,37.4,1,0,2.9,6.0,11.6,1.5,F,0
STU1030,24,Male,Mechanical,4.8,83.0,68.4,84.0,58.4,2,0,2.6,5.7,12.8,2.34,C,1
STU1031,20,Female,Business,3.5,75.1,78.4,34.8,47.5,1,0,4.2,7.5,5.1,1.9,D,0
STU1032,25,Male,Computer Science,5.7,72.2,87.9,74.3,53.2,1,0,4.3,8.1,6.2,2.13,D,1
STU1033,19,Female,Civil,3.0,93.8,71.5,56.3,36.6,0,0,4.9,5.1,4.7,1.46,F,0
STU1034,24,Male,Computer Science,6.5,64.6,68.1,72.5,46.6,2,0,2.7,5.9,24.3,1.86,D,0
STU1035,20,Male,Computer Science,3.8,77.4,56.5,91.8,49.6,0,0,3.4,6.8,3.3,1.98,D,0
STU1036,22,Female,Business,6.1,98.1,52.2,62.5,56.5,2,0,4.4,8.0,10.1,2.26,C,1
STU1037,20,Male,Electronics,5.8,83.7,71.5,60.7,55.4,1,1,2.7,8.1,6.5,2.22,C,1
STU1038,25,Male,Mechanical,5.0,57.6,96.8,71.5,50.2,1,1,3.4,5.0,9.5,2.01,D,1
STU1039,19,Male,Civil,3.9,59.2,71.9,67.8,45.7,2,0,3.4,7.4,5.6,1.83,D,0
STU1040,24,Male,Business,2.3,82.5,84.3,82.7,47.9,3,0,3.7,7.8,7.7,1.92,D,0
STU1041,21,Male,Mechanical,3.8,66.2,71.4,74.1,42.2,4,0,5.1,6.2,2.7,1.69,D,0
STU1042,24,Male,Computer Science,4.5,85.6,68.9,68.6,52.2,2,0,3.1,7.7,10.4,2.09,D,1
STU1043,25,Female,Computer Science,4.7,63.7,65.1,50.0,49.5,1,0,5.0,5.9,4.6,1.98,D,0
STU1044,23,Female,Electronics,4.8,63.6,77.4,71.0,52.7,1,0,6.1,6.5,1.0,2.11,D,1
STU1045,23,Male,Business,3.5,90.8,65.4,72.8,51.4,1,0,2.3,7.6,1.0,2.06,D,1
STU1046,23,Male,Business,2.3,71.5,61.3,51.1,51.4,1,1,1.4,6.9,11.5,2.06,D,1
STU1047,21,Female,Mechanical,3.1,49.8,80.7,59.4,41.1,3,0,2.6,5.8,2.1,1.64,D,0
STU1048,24,Male,Mechanical,5.2,55.5,66.8,81.2,52.3,2,0,5.6,6.7,3.1,2.09,D,1
STU1049,22,Male,Civil,5.5,70.6,81.5,61.0,54.0,1,1,5.2,8.9,30.3,2.16,D,1
STU1050,19,Male,Mechanical,4.3,87.3,63.5,39.6,41.1,4,0,2.8,7.1,2.4,1.64,D,0
STU1051,24,Female,Mechanical,6.9,78.0,68.5,84.9,69.5,5,0,3.1,9.4,9.6,2.78,B,1
STU1052,24,Female,Computer Science,4.5,91.0,65.6,68.8,48.5,4,0,4.0,6.9,5.6,1.94,D,0
STU1053,24,Male,Computer Science,7.2,72.5,73.8,64.8,56.3,0,1,2.3,5.5,2.3,2.25,C,1
STU1054,22,Female,Civil,6.0,64.2,75.6,67.8,58.4,1,0,3.2,7.0,2.9,2.34,C,1
STU1055,24,Female,Business,5.6,70.9,75.3,66.1,58.3,2,0,4.1,5.4,3.4,2.33,C,1
STU1056,18,Female,Computer Science,4.0,65.2,58.8,63.7,43.2,1,1,3.4,7.6,11.2,1.73,D,0
STU1057,20,Male,Electronics,3.4,96.2,84.6,100.0,54.6,5,0,3.4,7.3,2.3,2.18,D,1
STU1058,19,Female,Civil,4.5,73.3,56.7,50.6,38.9,2,0,3.2,6.3,4.0,1.56,F,0
STU1059,20,Male,Civil,4.6,99.0,54.1,65.6,48.8,5,0,2.5,7.1,4.6,1.95,D,0
STU1060,20,Female,Business,1.8,70.3,94.2,39.3,45.1,5,1,2.7,6.5,1.1,1.8,D,0
STU1061,25,Female,Computer Science,3.9,75.7,82.2,55.4,61.6,1,0,2.2,7.6,11.6,2.46,C,1
STU1062,18,Female,Electronics,2.4,76.9,85.1,62.8,45.8,5,1,3.5,8.6,8.1,1.83,D,0
STU1063,18,Male,Civil,3.3,87.9,58.0,40.9,35.9,4,0,3.7,5.6,1.5,1.44,F,0
STU1064,23,Male,Electronics,3.6,76.1,50.4,80.0,48.4,4,1,4.3,4.1,3.5,1.94,D,0
STU1065,24,Female,Computer Science,5.0,58.4,86.9,59.1,41.0,3,0,4.2,5.3,7.7,1.64,D,0
STU1066,23,Male,Business,3.8,87.3,92.8,85.6,57.5,1,0,3.8,7.7,7.9,2.3,C,1
STU1067,18,Male,Business,5.9,87.8,63.6,74.6,51.1,5,0,4.6,7.2,5.6,2.04,D,1
STU1068,25,Male,Computer Science,5.0,45.9,67.6,81.7,39.7,4,0,2.1,7.4,3.1,1.59,F,0
STU1069,18,Female,Computer Science,6.9,53.5,81.0,67.0,37.8,4,0,3.5,7.0,14.5,1.51,F,0
STU1070,21,Female,Computer Science,2.4,86.7,57.6,35.5,41.5,4,0,4.3,5.7,21.1,1.66,D,0
STU1071,23,Female,Computer Science,5.8,43.0,79.0,80.3,62.3,2,0,3.6,6.6,24.8,2.49,C,1
STU1072,25,Female,Civil,1.9,77.9,54.0,38.6,27.7,3,0,3.5,5.8,6.0,1.11,F,0
STU1073,24,Male,Electronics,4.0,75.4,75.7,87.0,41.3,5,1,3.2,7.8,9.8,1.65,D,0
STU1074,24,Female,Civil,3.3,72.0,81.1,73.2,46.8,4,0,2.9,7.2,5.7,1.87,D,0
STU1075,21,Female,Mechanical,5.8,86.4,69.7,52.7,70.6,5,0,4.9,7.3,2.0,2.82,B,1
STU1076,21,Male,Business,5.5,71.5,64.1,57.4,43.9,5,0,4.4,5.9,3.9,1.76,D,0
STU1077,18,Female,Computer Science,2.1,64.3,60.9,63.7,37.2,5,1,2.6,6.0,2.2,1.49,F,0
STU1078,25,Male,Computer Science,1.4,47.2,80.3,79.9,54.4,5,0,3.7,6.0,2.0,2.18,D,1
STU1079,24,Male,Computer Science,3.7,65.4,84.6,60.6,50.5,3,0,3.6,7.6,1.5,2.02,D,1
STU1080,25,Male,Computer Science,4.0,92.9,72.2,85.0,51.8,2,0,5.2,6.2,1.7,2.07,D,1
STU1081,25,Male,Civil,3.8,84.3,51.8,51.7,35.1,1,0,1.5,7.4,2.6,1.4,F,0
STU1082,18,Female,Computer Science,3.3,90.5,58.6,70.1,40.5,1,0,3.4,8.2,8.7,1.62,D,0
STU1083,23,Male,Computer Science,8.7,72.8,67.7,50.0,55.3,3,0,4.4,6.3,2.8,2.21,C,1
STU1084,23,Male,Electronics,4.8,88.5,78.0,56.2,54.2,4,1,4.8,7.6,1.7,2.17,D,1
STU1085,24,Male,Electronics,4.5,82.5,74.8,77.8,58.2,4,1,5.7,7.3,13.4,2.33,C,1
STU1086,24,Male,Electronics,7.2,82.8,79.6,72.3,67.5,4,0,2.7,7.2,3.7,2.7,B,1
STU1087,18,Male,Electronics,5.3,92.7,76.0,93.2,70.4,2,1,2.6,7.6,4.7,2.82,B,1
STU1088,18,Male,Civil,5.8,96.6,83.8,60.6,75.2,1,0,6.1,7.1,18.0,3.01,A,1
STU1089,22,Female,Business,5.0,88.4,77.5,78.4,56.9,4,0,5.2,9.7,3.5,2.28,C,1
STU1090,23,Male,Electronics,3.6,90.4,56.0,69.6,52.5,0,0,2.9,4.1,2.6,2.1,D,1
STU1091,21,Female,Computer Science,0.5,70.5,79.6,66.2,34.9,4,0,4.8,7.3,5.8,1.4,F,0
STU1092,19,Male,Computer Science,7.0,93.4,83.7,59.6,60.0,2,0,1.9,4.1,1.2,2.4,C,1
STU1093,18,Female,Electronics,5.9,84.4,100.0,92.2,79.4,1,1,4.0,6.9,2.7,3.18,A,1
STU1094,19,Male,Computer Science,4.5,53.8,69.9,60.6,44.7,5,0,2.7,5.4,20.5,1.79,D,0
STU1095,19,Female,Mechanical,7.3,79.4,72.1,50.3,52.7,1,0,4.5,8.4,2.3,2.11,D,1
STU1096,23,Male,Mechanical,5.3,53.2,69.4,52.8,44.7,5,1,1.5,6.6,3.1,1.79,D,0
STU1097,23,Female,Business,5.5,80.7,81.8,68.7,56.6,4,0,1.6,5.5,9.9,2.26,C,1
STU1098,18,Female,Computer Science,5.6,82.2,53.3,40.9,47.3,5,0,3.3,7.1,1.2,1.89,D,0
STU1099,22,Female,Mechanical,8.0,82.0,76.3,43.5,62.4,4,0,3.3,7.1,7.5,2.5,C,1
STU1100,23,Male,Business,3.8,87.0,100.0,54.8,51.3,3,1,4.4,6.2,2.0,2.05,D,1
STU1101,25,Male,Mechanical,5.3,76.5,54.7,71.7,51.3,2,1,4.0,5.6,2.3,2.05,D,1
STU1102,20,Female,Mechanical,6.0,64.2,64.9,47.3,41.9,0,0,2.7,7.9,7.1,1.68,D,0
STU1103,21,Male,Computer Science,4.0,95.2,84.9,59.9,64.8,0,0,3.4,7.0,4.1,2.59,C,1
STU1104,20,Female,Civil,6.1,77.1,57.9,75.9,56.7,4,1,4.1,8.2,13.5,2.27,C,1
STU1105,21,Female,Mechanical,7.4,94.3,88.2,61.8,58.0,4,1,3.3,8.1,5.4,2.32,C,1
STU1106,22,Female,Computer Science,2.8,80.1,73.5,66.0,43.9,4,1,3.0,9.7,2.8,1.76,D,0
STU1107,20,Female,Electronics,3.9,71.6,82.4,63.6,53.9,1,1,1.7,5.2,23.3,2.16,D,1
STU1108,24,Female,Business,6.9,88.5,84.4,100.0,67.0,3,1,3.2,6.5,5.7,2.68,B,1
STU1109,21,Female,Electronics,2.8,69.8,58.8,64.7,33.8,1,0,3.4,7.8,8.7,1.35,F,0
STU1110,23,Male,Mechanical,2.5,61.3,88.1,78.8,41.8,2,0,2.2,8.6,5.9,1.67,D,0
STU1111,20,Female,Business,4.7,44.1,78.7,81.4,46.0,3,0,3.3,7.0,15.3,1.84,D,0
STU1112,24,Male,Computer Science,4.8,81.0,75.8,87.2,72.1,1,0,4.1,7.2,2.5,2.88,B,1
STU1113,25,Male,Computer Science,6.0,93.7,95.5,73.4,60.9,1,0,4.6,7.8,5.1,2.44,C,1
STU1114,22,Male,Mechanical,6.1,49.9,78.3,95.3,58.5,1,0,0.7,6.7,1.3,2.34,C,1
STU1115,19,Male,Computer Science,5.1,86.4,86.3,80.6,57.7,3,0,4.1,8.2,5.6,2.31,C,1
STU1116,18,Male,Computer Science,2.0,76.6,68.5,78.6,55.3,0,0,3.0,8.2,1.5,2.21,C,1
STU1117,19,Male,Civil,3.3,51.5,74.1,79.7,46.7,3,0,1.4,8.5,2.2,1.87,D,0
STU1118,23,Male,Computer Science,3.3,93.7,66.2,78.1,56.3,0,0,5.0,7.6,14.8,2.25,C,1
STU1119,22,Male,Business,6.4,68.0,85.8,63.0,64.0,4,0,1.8,6.3,7.6,2.56,C,1
STU1120,24,Male,Computer Science,3.1,89.2,74.6,25.2,38.5,0,1,2.9,5.4,7.6,1.54,F,0
STU1121,25,Male,Electronics,6.1,83.7,69.1,80.3,58.7,4,1,1.7,7.7,2.6,2.35,C,1
STU1122,21,Female,Computer Science,4.8,71.9,73.1,74.2,35.4,4,0,3.6,8.0,1.8,1.42,F,0
STU1123,25,Female,Computer Science,4.5,85.6,72.0,55.5,53.0,4,0,4.2,7.4,1.9,2.12,D,1
STU1124,20,Male,Computer Science,2.7,73.3,75.0,76.6,39.4,3,0,5.5,5.2,1.4,1.58,F,0
STU1125,21,Female,Computer Science,5.7,72.2,71.5,83.9,36.6,3,0,3.1,5.2,19.4,1.46,F,0
STU1126,21,Male,Computer Science,6.8,67.9,65.0,68.3,49.1,2,0,3.1,8.8,28.0,1.96,D,0
STU1127,18,Male,Computer Science,1.4,69.0,59.8,93.3,53.0,2,0,1.7,6.7,3.0,2.12,D,1
STU1128,20,Male,Mechanical,3.5,77.8,78.2,91.1,38.3,3,1,4.2,7.9,4.7,1.53,F,0
STU1129,21,Female,Computer Science,5.6,74.7,93.6,71.7,44.8,1,0,3.6,5.4,4.2,1.79,D,0
STU1130,25,Male,Business,7.0,71.4,75.1,92.9,60.0,3,0,2.6,7.8,4.7,2.4,C,1
STU1131,22,Female,Computer Science,6.2,83.7,87.8,93.0,65.7,5,0,2.8,7.0,5.6,2.63,B,1
STU1132,20,Female,Mechanical,2.9,93.7,78.3,73.1,58.3,3,0,3.2,6.4,2.0,2.33,C,1
STU1133,23,Female,Electronics,5.2,50.6,73.6,76.4,47.4,4,1,2.6,4.5,1.6,1.9,D,0
STU1134,18,Female,Electronics,5.2,95.2,58.6,53.7,42.9,3,0,2.0,6.1,3.3,1.72,D,0
STU1135,24,Male,Computer Science,4.1,64.5,70.5,87.3,51.7,5,1,2.0,5.8,21.2,2.07,D,1
STU1136,21,Female,Computer Science,6.0,64.7,76.0,54.1,51.8,1,0,4.8,6.7,3.1,2.07,D,1
STU1137,19,Female,Electronics,6.6,88.6,77.9,77.4,65.0,4,0,2.8,6.2,3.8,2.6,C,1
STU1138,25,Male,Business,5.2,78.0,77.5,71.9,46.8,5,1,3.2,6.7,3.4,1.87,D,0
STU1139,19,Female,Computer Science,5.2,92.2,71.2,81.1,52.0,1,0,3.4,7.8,4.5,2.08,D,1
STU1140,22,Female,Electronics,6.5,84.0,54.7,72.9,57.7,0,0,5.0,7.6,10.8,2.31,C,1
STU1141,18,Male,Electronics,6.8,80.3,78.3,94.6,73.2,2,0,3.5,8.4,3.1,2.93,B,1
STU1142,24,Male,Mechanical,1.9,58.5,68.7,80.3,43.6,5,0,4.4,7.6,8.3,1.74,D,0
STU1143,21,Male,Electronics,5.9,95.7,67.9,48.7,55.3,0,0,5.2,7.2,5.5,2.21,C,1
STU1144,21,Female,Computer Science,5.1,74.3,88.1,61.5,53.2,1,0,3.2,6.2,9.6,2.13,D,1
STU1145,19,Male,Electronics,2.6,76.9,83.0,64.1,52.7,2,1,3.8,8.2,4.4,2.11,D,1
STU1146,22,Female,Business,5.3,72.3,58.2,61.4,47.0,4,1,2.9,7.0,8.3,1.88,D,0
STU1147,22,Male,Electronics,5.5,73.5,68.5,78.2,56.4,2,0,3.4,8.3,1.6,2.26,C,1
STU1148,20,Male,Electronics,1.8,85.3,68.2,46.6,40.0,1,0,4.9,8.4,7.3,1.6,F,0
STU1149,24,Female,Business,5.6,94.5,82.1,88.0,68.6,3,1,3.6,7.9,2.8,2.74,B,1
STU1150,20,Male,Mechanical,5.0,70.8,65.7,79.0,42.6,1,1,2.9,6.6,12.6,1.7,D,0
STU1151,18,Female,Electronics,4.7,54.5,84.9,99.9,64.0,0,0,3.6,7.6,2.2,2.56,C,1
STU1152,21,Male,Electronics,3.9,58.5,58.5,56.3,41.3,3,1,2.1,6.3,8.4,1.65,D,0
STU1153,24,Male,Computer Science,6.3,87.1,54.0,67.5,46.6,5,0,2.4,5.8,4.0,1.86,D,0
STU1154,23,Female,Electronics,4.0,91.0,78.5,66.1,50.3,2,0,3.2,4.0,1.8,2.01,D,1
STU1155,24,Male,Electronics,5.2,82.5,73.3,65.0,42.2,1,0,4.2,7.3,1.2,1.69,D,0
STU1156,25,Female,Electronics,4.4,72.6,73.5,91.7,57.8,2,0,5.1,7.1,3.0,2.31,C,1
STU1157,22,Female,Electronics,5.6,64.5,61.2,61.8,52.1,3,1,2.9,9.0,6.0,2.08,D,1
STU1158,25,Male,Computer Science,3.5,87.0,68.1,94.1,53.2,3,1,3.1,5.8,8.4,2.13,D,1
STU1159,25,Male,Business,5.6,77.8,58.4,45.4,52.4,4,0,5.1,5.8,4.7,2.1,D,1
STU1160,22,Female,Business,6.3,89.7,87.6,47.3,56.1,5,0,4.7,6.3,5.5,2.24,C,1
STU1161,23,Male,Computer Science,4.5,80.3,82.9,59.1,41.9,2,0,4.5,8.1,8.8,1.68,D,0
STU1162,18,Male,Computer Science,2.8,72.6,56.0,74.3,33.3,4,1,3.7,7.2,1.1,1.33,F,0
STU1163,18,Male,Civil,4.9,66.2,93.6,60.4,54.2,0,1,5.9,7.6,3.0,2.17,D,1
STU1164,21,Male,Computer Science,6.0,77.5,76.6,62.2,55.8,1,0,2.3,6.2,4.3,2.23,C,1
STU1165,20,Female,Electronics,4.4,55.7,84.1,40.5,41.9,0,0,0.6,6.2,9.5,1.68,D,0
STU1166,25,Female,Business,2.3,80.4,65.0,100.0,63.2,1,1,2.1,6.9,4.8,2.53,C,1
STU1167,25,Male,Computer Science,6.9,74.2,70.6,71.0,57.6,5,0,3.7,5.6,2.7,2.3,C,1
STU1168,20,Male,Computer Science,4.0,74.3,76.6,71.3,61.1,2,0,3.5,6.9,6.4,2.44,C,1
STU1169,19,Female,Computer Science,4.9,76.7,81.1,81.4,59.5,2,0,2.2,8.1,3.4,2.38,C,1
STU1170,21,Female,Electronics,4.7,90.6,51.8,66.2,52.4,1,0,4.3,5.9,10.0,2.1,D,1
STU1171,21,Female,Business,3.5,71.9,80.0,74.9,51.2,5,1,4.3,6.2,3.7,2.05,D,1
STU1172,20,Male,Computer Science,6.3,99.1,71.0,34.7,45.9,2,0,4.7,7.7,18.7,1.84,D,0
STU1173,23,Female,Computer Science,5.4,68.3,72.9,100.0,58.9,0,0,3.3,5.4,7.0,2.36,C,1
STU1174,25,Male,Computer Science,3.9,79.8,81.3,87.2,57.4,1,1,1.8,7.4,4.7,2.3,C,1
STU1175,18,Male,Computer Science,5.7,81.8,53.6,55.1,54.8,4,1,1.5,7.8,3.2,2.19,D,1
STU1176,18,Female,Computer Science,3.0,87.4,71.9,47.7,41.5,1,0,1.1,5.2,10.0,1.66,D,0
STU1177,21,Female,Mechanical,6.6,90.2,72.0,78.8,60.6,3,1,4.2,7.8,16.6,2.42,C,1
STU1178,23,Male,Electronics,3.7,91.6,92.8,87.7,64.7,4,0,2.3,9.7,2.0,2.59,C,1
STU1179,21,Male,Civil,5.5,90.8,61.2,67.4,51.6,1,0,4.2,9.1,2.0,2.06,D,1
STU1180,22,Female,Mechanical,2.0,74.7,72.8,70.3,42.7,3,1,1.1,6.2,11.9,1.71,D,0
STU1181,21,Male,Electronics,3.6,60.9,77.6,61.4,42.6,0,0,3.8,8.6,2.2,1.7,D,0
STU1182,25,Male,Civil,5.6,82.4,79.1,71.0,57.5,5,1,5.0,7.3,4.4,2.3,C,1
STU1183,22,Male,Business,5.3,55.1,85.8,53.5,48.9,2,0,5.5,5.4,11.9,1.96,D,0
STU1184,18,Male,Computer Science,6.8,82.4,73.2,45.1,57.1,0,0,3.5,9.4,2.2,2.28,C,1
STU1185,24,Male,Electronics,5.9,50.4,92.0,58.0,53.1,3,0,2.7,6.3,5.8,2.12,D,1
STU1186,23,Female,Computer Science,2.3,85.2,70.0,61.1,34.9,0,0,1.8,6.3,7.2,1.4,F,0
STU1187,22,Male,Civil,4.1,92.9,57.6,75.0,43.6,3,0,3.5,8.1,1.5,1.74,D,0
STU1188,24,Female,Electronics,3.2,81.4,49.9,90.5,56.5,3,0,3.0,5.6,14.2,2.26,C,1
STU1189,22,Female,Electronics,4.4,85.3,53.1,46.5,47.7,3,1,3.8,6.2,15.3,1.91,D,0
STU1190,22,Male,Civil,4.7,73.9,76.7,78.4,56.0,2,1,3.6,6.9,1.9,2.24,C,1
STU1191,20,Male,Computer Science,2.7,83.7,82.4,51.8,52.1,2,0,5.1,8.0,4.2,2.08,D,1
STU1192,21,Male,Computer Science,4.4,77.9,97.8,57.5,43.6,4,0,3.5,5.3,20.8,1.74,D,0
STU1193,25,Male,Electronics,4.9,65.0,69.8,79.9,56.9,3,0,4.0,6.7,7.3,2.28,C,1
STU1194,24,Female,Civil,4.4,83.8,59.7,52.1,49.5,4,0,1.8,5.8,4.1,1.98,D,0
STU1195,20,Male,Mechanical,4.7,84.7,71.6,82.2,54.5,1,1,1.2,6.5,6.6,2.18,D,1
STU1196,22,Male,Civil,2.8,77.5,54.7,82.1,48.3,1,0,4.3,8.1,1.2,1.93,D,0
STU1197,19,Male,Business,4.2,66.7,73.9,65.4,48.6,5,1,2.8,6.2,30.5,1.94,D,0
STU1198,25,Female,Computer Science,5.2,76.9,68.0,33.9,54.4,5,0,4.2,6.2,4.2,2.18,D,1
STU1199,19,Female,Mechanical,4.4,93.4,87.9,91.6,58.8,3,0,2.9,6.6,2.2,2.35,C,1
STU1200,20,Female,Civil,5.0,58.2,79.6,56.6,51.9,0,0,1.1,8.5,4.3,2.08,D,1
STU1201,22,Male,Business,7.6,86.7,85.9,95.6,62.0,2,1,3.0,9.1,1.1,2.48,C,1
STU1202,19,Male,Civil,6.3,67.3,78.4,51.8,54.8,1,1,2.7,5.3,4.1,2.19,D,1
STU1203,24,Male,Electronics,4.8,79.0,50.5,92.7,44.8,3,0,3.7,7.4,1.7,1.79,D,0
STU1204,24,Male,Mechanical,2.3,73.7,61.3,88.4,45.3,3,0,4.4,6.7,6.4,1.81,D,0
STU1205,25,Male,Business,3.5,95.7,82.5,83.5,48.8,3,1,5.8,5.4,5.9,1.95,D,0
STU1206,19,Male,Electronics,2.8,84.8,71.1,66.0,39.9,4,1,4.8,8.7,1.9,1.6,F,0
STU1207,23,Male,Computer Science,3.8,57.0,44.2,73.4,48.5,5,0,3.6,7.2,2.8,1.94,D,0
STU1208,22,Male,Business,4.7,77.7,84.5,81.1,49.3,1,1,4.3,7.5,1.1,1.97,D,0
STU1209,21,Male,Mechanical,3.6,92.1,54.8,57.9,50.6,5,0,2.6,5.8,9.4,2.02,D,1
STU1210,23,Male,Business,5.1,54.3,68.4,84.9,57.0,4,1,4.6,6.9,3.2,2.28,C,1
STU1211,18,Female,Computer Science,5.9,67.7,55.4,55.3,45.3,2,1,2.4,5.4,7.4,1.81,D,0
STU1212,18,Male,Electronics,5.2,81.2,71.8,48.0,54.3,1,0,4.5,6.1,1.4,2.17,D,1
STU1213,20,Female,Business,3.9,81.6,73.9,90.4,58.0,5,1,4.3,8.0,9.9,2.32,C,1
STU1214,23,Female,Business,5.8,94.7,72.8,61.3,54.4,3,0,3.8,7.2,2.2,2.18,D,1
STU1215,20,Female,Mechanical,3.7,79.8,67.3,54.7,38.7,0,1,3.4,5.7,5.0,1.55,F,0
STU1216,25,Male,Computer Science,5.1,64.5,64.7,55.1,46.9,5,0,3.7,6.1,2.5,1.88,D,0
STU1217,21,Female,Computer Science,2.9,86.6,80.1,80.9,56.1,1,0,5.2,7.2,8.1,2.24,C,1
STU1218,20,Male,Computer Science,5.1,66.7,68.0,56.4,50.5,1,1,4.6,6.9,1.5,2.02,D,1
STU1219,20,Male,Business,4.4,90.6,72.5,77.4,52.4,2,0,1.9,7.3,1.7,2.1,D,1
STU1220,25,Female,Computer Science,5.7,90.6,69.6,51.7,52.6,5,0,5.0,6.9,5.9,2.1,D,1
STU1221,18,Male,Electronics,4.5,78.3,51.0,69.9,43.2,3,0,2.9,7.0,8.5,1.73,D,0
STU1222,18,Male,Mechanical,5.3,73.7,63.5,63.6,43.2,2,1,4.0,7.9,11.1,1.73,D,0
STU1223,23,Male,Electronics,2.4,92.9,84.1,87.2,53.8,1,0,5.7,4.6,1.0,2.15,D,1
STU1224,18,Female,Civil,5.1,83.3,72.4,67.3,62.2,3,0,3.3,5.8,7.4,2.49,C,1
STU1225,20,Female,Business,5.6,74.0,82.3,79.4,50.4,4,0,4.6,6.5,6.9,2.02,D,1
STU1226,20,Male,Civil,3.4,78.1,73.4,68.1,48.9,4,1,3.0,8.7,4.4,1.96,D,0
STU1227,19,Female,Computer Science,5.7,82.5,73.2,79.7,40.0,2,0,3.2,8.3,4.0,1.6,F,0
STU1228,18,Female,Mechanical,6.4,86.9,56.2,76.9,53.0,2,0,4.4,8.8,6.1,2.12,D,1
STU1229,19,Male,Computer Science,7.1,84.0,62.1,70.1,46.7,0,0,5.2,5.5,2.7,1.87,D,0
STU1230,21,Female,Civil,6.1,86.0,76.3,44.7,51.5,3,1,2.6,10.0,5.8,2.06,D,1
STU1231,24,Female,Computer Science,3.2,77.4,71.5,71.7,37.9,2,1,4.8,7.0,5.2,1.52,F,0
STU1232,20,Male,Mechanical,2.7,74.1,85.6,70.5,53.7,3,1,4.2,8.4,2.1,2.15,D,1
STU1233,24,Male,Computer Science,2.5,91.4,52.5,94.9,46.2,2,1,4.7,6.9,11.6,1.85,D,0
STU1234,19,Male,Business,5.7,90.4,99.9,90.3,60.2,4,1,3.0,6.2,1.8,2.41,C,1
STU1235,18,Male,Computer Science,2.7,80.2,65.6,72.7,43.3,2,0,5.2,7.8,8.0,1.73,D,0
STU1236,21,Female,Electronics,1.7,70.9,52.5,90.4,41.7,3,1,1.9,4.2,3.2,1.67,D,0
STU1237,23,Female,Computer Science,3.1,77.8,68.1,95.4,49.6,0,0,2.1,6.1,1.6,1.98,D,0
STU1238,21,Male,Electronics,4.6,71.4,77.4,63.5,52.0,0,1,2.9,7.7,7.2,2.08,D,1
STU1239,21,Female,Computer Science,1.9,94.5,100.0,83.9,52.0,5,1,2.5,6.9,2.1,2.08,D,1
STU1240,18,Male,Computer Science,6.7,76.0,69.5,63.8,51.4,2,1,3.4,4.8,1.0,2.06,D,1
STU1241,19,Male,Computer Science,4.9,74.1,63.0,46.9,47.9,2,0,3.5,7.3,12.7,1.92,D,0
STU1242,25,Male,Computer Science,6.3,95.3,73.9,33.7,47.9,4,1,2.4,7.8,6.7,1.92,D,0
STU1243,21,Male,Business,6.6,58.4,81.1,54.7,57.5,4,1,2.8,7.8,4.6,2.3,C,1
STU1244,20,Female,Civil,3.9,93.0,64.1,62.3,51.5,0,0,1.5,7.3,2.9,2.06,D,1
STU1245,25,Male,Computer Science,5.0,66.6,72.8,65.8,46.6,1,0,2.8,8.6,2.1,1.86,D,0
STU1246,25,Female,Electronics,4.9,90.3,70.3,100.0,69.4,4,0,2.0,6.8,3.0,2.78,B,1
STU1247,21,Female,Business,3.5,57.6,59.3,72.5,40.8,4,0,4.1,7.9,24.0,1.63,D,0
STU1248,19,Male,Electronics,6.8,48.4,62.6,78.7,48.6,0,1,3.3,8.1,3.3,1.94,D,0
STU1249,21,Male,Mechanical,6.6,69.3,99.7,65.8,76.3,2,1,3.2,7.7,2.9,3.05,A,1
STU1250,23,Male,Electronics,4.0,84.6,74.2,70.3,49.4,0,0,1.4,7.7,4.9,1.98,D,0
STU1251,22,Male,Electronics,3.3,63.8,62.2,59.1,43.2,1,1,6.4,6.9,4.7,1.73,D,0
STU1252,21,Female,Computer Science,2.3,76.4,57.1,51.6,30.8,0,0,3.7,5.8,4.8,1.23,F,0
STU1253,24,Female,Computer Science,5.1,92.3,69.0,92.3,59.9,1,0,4.4,4.5,8.7,2.4,C,1
STU1254,19,Male,Electronics,3.9,90.3,51.2,75.2,50.3,4,0,4.7,7.2,2.2,2.01,D,1
STU1255,18,Male,Computer Science,1.8,92.4,83.6,82.7,71.1,0,0,5.7,6.8,6.3,2.84,B,1
STU1256,25,Female,Electronics,6.4,89.8,95.0,44.5,47.4,1,1,2.3,4.2,1.5,1.9,D,0
STU1257,19,Male,Civil,6.4,81.7,100.0,57.4,56.7,0,1,4.2,7.2,3.6,2.27,C,1
STU1258,25,Male,Electronics,5.5,78.9,84.4,33.9,42.8,0,0,3.2,7.3,1.6,1.71,D,0
STU1259,25,Female,Electronics,6.6,72.2,69.3,72.9,47.9,4,0,3.3,7.2,1.0,1.92,D,0
STU1260,19,Female,Business,4.2,97.9,87.5,33.8,46.9,2,0,4.9,6.1,5.1,1.88,D,0
STU1261,23,Female,Business,1.8,76.6,62.3,76.4,36.0,5,0,3.6,7.0,11.0,1.44,F,0
STU1262,22,Female,Mechanical,4.9,76.6,76.0,70.8,49.7,2,1,3.4,7.3,12.6,1.99,D,0
STU1263,22,Female,Civil,2.9,87.6,86.0,81.3,76.1,4,1,4.9,7.1,6.4,3.04,A,1
STU1264,22,Female,Computer Science,3.5,60.7,84.0,61.8,50.1,2,0,3.5,6.6,5.5,2.0,D,1
STU1265,25,Male,Computer Science,1.9,78.2,100.0,50.6,41.0,3,0,1.9,6.3,5.9,1.64,D,0
STU1266,19,Male,Business,3.2,88.3,85.3,95.5,58.1,3,0,2.7,7.4,1.0,2.32,C,1
STU1267,25,Male,Computer Science,4.7,53.2,64.7,76.6,58.2,2,0,2.2,4.0,5.9,2.33,C,1
STU1268,20,Male,Business,4.0,71.0,84.2,50.9,49.9,0,1,4.7,5.9,5.3,2.0,D,0
STU1269,20,Female,Civil,4.4,83.0,64.1,43.2,59.2,2,0,4.3,8.3,5.1,2.37,C,1
STU1270,20,Female,Computer Science,4.6,78.3,85.6,46.0,59.4,0,1,0.3,6.0,7.3,2.38,C,1
STU1271,24,Female,Business,6.3,80.8,60.7,59.3,51.5,1,0,4.8,7.0,2.5,2.06,D,1
STU1272,20,Male,Computer Science,5.6,80.4,75.0,61.8,46.9,3,1,3.1,9.6,33.2,1.88,D,0
STU1273,18,Female,Computer Science,6.6,92.0,67.3,76.2,57.8,3,1,4.0,8.4,6.5,2.31,C,1
STU1274,19,Male,Computer Science,0.8,89.9,78.1,77.2,45.8,4,0,4.4,6.1,24.1,1.83,D,0
STU1275,22,Female,Computer Science,2.5,56.4,82.0,78.9,49.0,2,0,3.0,6.0,9.1,1.96,D,0
STU1276,22,Male,Electronics,6.9,90.3,91.9,81.7,67.7,4,0,5.1,7.6,1.1,2.71,B,1
STU1277,23,Female,Mechanical,3.0,66.1,67.6,58.4,34.2,3,1,5.2,8.5,10.7,1.37,F,0
STU1278,19,Female,Computer Science,2.7,49.5,84.6,61.6,35.8,5,0,2.1,6.6,6.1,1.43,F,0
STU1279,25,Female,Electronics,2.7,90.5,56.4,74.8,48.6,2,1,4.4,7.6,1.0,1.94,D,0
STU1280,21,Female,Civil,4.0,66.6,72.3,80.9,57.9,2,0,4.1,7.4,3.8,2.32,C,1
STU1281,25,Male,Civil,6.0,73.7,68.4,55.8,48.4,2,0,4.2,8.8,13.4,1.94,D,0
STU1282,24,Male,Electronics,1.3,83.3,64.6,79.0,48.7,3,0,3.3,7.4,10.4,1.95,D,0
STU1283,24,Male,Electronics,6.2,73.4,62.3,64.8,49.4,0,0,4.9,6.2,3.4,1.98,D,0
STU1284,21,Male,Mechanical,2.9,55.4,71.8,57.4,41.8,5,0,3.8,4.8,1.5,1.67,D,0
STU1285,25,Female,Business,6.6,86.0,76.0,86.9,65.8,5,0,3.1,6.2,2.7,2.63,B,1
STU1286,22,Male,Civil,1.7,85.3,79.9,70.5,43.4,1,0,5.7,5.8,3.8,1.74,D,0
STU1287,19,Male,Electronics,5.6,63.2,83.8,58.3,45.1,1,0,4.0,4.6,2.1,1.8,D,0
STU1288,18,Female,Computer Science,6.4,65.4,59.7,53.7,54.1,4,0,2.3,5.8,1.9,2.16,D,1
STU1289,23,Male,Civil,4.8,76.5,62.6,73.2,55.5,1,0,5.9,4.5,11.8,2.22,C,1
STU1290,18,Female,Mechanical,6.4,75.2,62.9,55.1,52.5,2,1,2.3,7.8,5.8,2.1,D,1
STU1291,23,Male,Computer Science,7.4,61.4,60.1,88.0,50.1,0,0,1.7,8.8,2.4,2.0,D,1
STU1292,22,Male,Business,4.3,91.9,73.4,65.3,51.4,5,0,2.8,6.7,2.4,2.06,D,1
STU1293,25,Male,Computer Science,3.8,86.4,56.5,49.1,42.7,4,0,5.3,4.8,6.0,1.71,D,0
STU1294,21,Male,Civil,3.5,86.4,73.9,79.2,50.0,1,0,5.0,8.0,1.1,2.0,D,1
STU1295,19,Female,Mechanical,5.7,75.9,62.4,67.3,50.6,4,0,3.4,5.4,2.3,2.02,D,1
STU1296,22,Male,Mechanical,4.0,55.6,87.2,49.7,44.7,3,1,3.3,8.0,2.1,1.79,D,0
STU1297,20,Female,Mechanical,2.7,48.6,79.2,51.9,36.6,4,0,4.7,6.9,8.6,1.46,F,0
STU1298,25,Male,Computer Science,6.1,59.1,69.3,71.5,51.2,2,1,5.7,7.7,1.3,2.05,D,1
STU1299,25,Male,Computer Science,2.5,62.9,79.7,79.9,49.5,4,1,4.5,6.0,3.4,1.98,D,0
STU1300,25,Male,Mechanical,3.7,95.0,76.3,76.8,57.8,2,0,3.1,6.7,6.2,2.31,C,1
STU1301,23,Male,Computer Science,5.4,88.7,82.2,76.2,53.8,1,0,2.4,6.4,1.0,2.15,D,1
STU1302,22,Female,Business,7.6,85.7,89.1,65.4,52.9,3,0,4.4,9.2,1.0,2.12,D,1
STU1303,21,Male,Mechanical,4.5,96.6,77.2,65.4,54.6,2,1,4.9,5.5,2.9,2.18,D,1
STU1304,19,Female,Business,2.5,66.3,76.2,70.1,47.5,1,0,2.3,7.2,2.8,1.9,D,0
STU1305,21,Female,Civil,5.5,84.7,95.6,88.4,59.5,2,0,3.6,8.3,14.2,2.38,C,1
STU1306,23,Male,Mechanical,4.6,85.1,85.7,73.3,61.8,5,0,3.6,7.0,6.4,2.47,C,1
STU1307,19,Female,Business,3.9,86.6,67.2,83.0,44.5,4,0,4.6,6.2,15.3,1.78,D,0
STU1308,22,Male,Electronics,4.2,65.1,64.0,70.2,34.7,4,0,3.3,6.4,13.1,1.39,F,0
STU1309,21,Female,Electronics,3.8,82.6,69.7,75.6,54.2,4,0,3.0,6.4,5.5,2.17,D,1
STU1310,25,Female,Civil,6.4,70.5,100.0,59.9,60.0,5,1,5.3,6.9,1.0,2.4,C,1
STU1311,20,Female,Electronics,4.2,92.2,42.5,61.5,42.0,4,1,3.2,5.8,3.8,1.68,D,0
STU1312,18,Female,Mechanical,5.8,73.8,76.0,70.4,51.6,0,0,1.2,7.1,10.9,2.06,D,1
STU1313,23,Male,Electronics,3.1,89.4,83.5,74.0,35.5,3,0,3.2,6.3,6.4,1.42,F,0
STU1314,20,Male,Business,5.5,89.1,73.1,100.0,63.4,1,0,2.4,7.0,12.1,2.54,C,1
STU1315,20,Male,Computer Science,5.9,75.7,87.9,86.4,53.9,4,0,4.5,5.9,5.9,2.16,D,1
STU1316,24,Male,Mechanical,5.8,84.0,66.9,70.5,49.6,3,1,4.3,8.2,4.0,1.98,D,0
STU1317,23,Female,Electronics,4.1,68.2,73.9,95.9,58.6,2,0,3.4,7.5,7.8,2.34,C,1
STU1318,23,Male,Mechanical,5.6,78.6,74.0,80.1,40.2,4,0,2.6,7.9,2.3,1.61,D,0
STU1319,20,Female,Mechanical,5.4,73.2,81.7,83.3,56.2,4,0,4.3,6.8,5.5,2.25,C,1
STU1320,20,Female,Computer Science,2.8,86.6,88.6,87.0,56.9,0,1,0.0,7.7,13.3,2.28,C,1
STU1321,19,Female,Civil,5.8,74.3,46.9,100.0,60.1,1,0,3.1,5.7,9.2,2.4,C,1
STU1322,23,Male,Computer Science,4.0,96.4,54.4,77.9,51.4,0,0,2.9,8.6,1.5,2.06,D,1
STU1323,19,Male,Business,2.2,82.3,87.6,55.1,42.4,0,0,4.1,7.3,2.6,1.7,D,0
STU1324,20,Female,Electronics,1.0,76.1,67.3,57.0,42.0,0,0,4.4,7.8,4.7,1.68,D,0
STU1325,21,Female,Mechanical,2.9,79.2,83.9,59.3,55.9,3,1,3.8,9.9,6.6,2.24,C,1
STU1326,18,Female,Civil,5.5,84.4,62.7,87.1,53.4,1,1,3.0,8.1,3.6,2.14,D,1
STU1327,23,Male,Mechanical,3.7,81.5,82.6,78.9,51.0,5,0,2.9,6.8,25.2,2.04,D,1
STU1328,23,Male,Civil,4.3,92.8,69.3,74.3,51.4,0,0,4.7,6.2,4.3,2.06,D,1
STU1329,22,Male,Mechanical,4.2,61.6,62.6,62.2,47.0,3,1,5.0,6.6,2.9,1.88,D,0
STU1330,24,Female,Computer Science,5.9,78.6,60.9,47.6,39.7,0,0,3.4,6.6,2.7,1.59,F,0
STU1331,18,Female,Civil,2.2,80.1,88.2,62.8,44.9,3,0,3.9,6.3,6.0,1.8,D,0
STU1332,19,Female,Business,3.8,52.1,83.4,55.3,40.3,2,0,4.1,6.2,5.7,1.61,D,0
STU1333,25,Female,Civil,6.2,80.4,65.3,72.4,53.8,0,0,2.8,7.6,6.7,2.15,D,1
STU1334,21,Male,Computer Science,3.8,68.7,67.0,66.5,42.5,5,1,1.1,7.7,4.4,1.7,D,0
STU1335,18,Female,Mechanical,2.6,65.4,75.9,50.3,31.4,0,1,2.7,8.8,3.8,1.26,F,0
STU1336,21,Female,Electronics,2.5,98.2,57.8,87.5,53.0,2,1,2.8,5.9,5.0,2.12,D,1
STU1337,20,Female,Computer Science,3.0,89.3,70.9,66.3,56.8,1,1,2.0,7.3,5.2,2.27,C,1
STU1338,25,Female,Computer Science,3.5,60.6,68.7,60.2,40.8,4,0,4.1,6.8,3.3,1.63,D,0
STU1339,25,Male,Civil,3.6,87.7,94.0,81.8,59.2,3,0,2.4,7.6,12.1,2.37,C,1
STU1340,18,Female,Mechanical,3.4,80.5,77.1,85.1,42.3,5,0,4.6,7.0,2.0,1.69,D,0
STU1341,23,Female,Business,2.5,49.3,100.0,81.4,47.8,3,0,3.0,5.3,8.6,1.91,D,0
STU1342,19,Male,Mechanical,4.5,76.5,60.9,59.9,42.3,0,0,3.6,7.8,3.0,1.69,D,0
STU1343,18,Female,Computer Science,5.6,91.3,60.8,56.8,53.5,4,1,4.3,8.2,5.6,2.14,D,1
STU1344,19,Female,Electronics,3.4,86.6,69.8,87.3,55.6,3,1,3.8,7.5,14.5,2.22,C,1
STU1345,23,Female,Mechanical,4.4,89.2,65.3,61.7,56.1,2,0,4.8,7.6,11.0,2.24,C,1
STU1346,21,Male,Civil,1.7,92.3,51.0,67.2,33.5,3,0,3.9,6.6,5.5,1.34,F,0
STU1347,22,Male,Electronics,6.4,87.5,55.2,94.4,65.1,2,0,4.3,4.6,1.0,2.6,B,1
STU1348,23,Male,Business,0.7,80.2,53.3,66.4,41.0,2,1,1.6,6.1,3.7,1.64,D,0
STU1349,20,Female,Mechanical,3.3,25.5,66.7,77.9,32.3,0,0,2.9,7.3,1.8,1.29,F,0
STU1350,25,Male,Computer Science,4.0,91.3,59.1,66.2,50.7,5,1,2.8,6.5,11.6,2.03,D,1
STU1351,23,Male,Computer Science,6.0,68.1,75.2,77.5,50.9,4,0,4.5,7.0,1.0,2.04,D,1
STU1352,24,Male,Civil,3.3,95.4,48.4,62.9,43.9,0,0,4.6,7.4,11.0,1.76,D,0
STU1353,24,Male,Mechanical,7.1,60.1,77.8,68.8,50.8,5,0,3.6,9.1,32.4,2.03,D,1
STU1354,21,Male,Civil,4.8,50.4,73.1,40.6,34.0,1,1,2.3,6.0,9.3,1.36,F,0
STU1355,18,Female,Business,3.7,76.8,86.1,95.7,56.0,3,1,4.1,8.1,1.7,2.24,C,1
STU1356,22,Male,Mechanical,4.9,82.2,55.6,84.4,50.4,1,1,3.4,7.1,4.3,2.02,D,1
STU1357,25,Female,Mechanical,4.3,70.7,77.9,46.0,48.8,5,1,3.3,8.5,1.0,1.95,D,0
STU1358,23,Male,Computer Science,4.2,54.9,89.1,55.8,53.2,4,0,3.3,6.0,10.9,2.13,D,1
STU1359,19,Female,Mechanical,5.0,96.5,50.0,71.8,58.3,4,0,3.4,7.7,7.3,2.33,C,1
STU1360,19,Female,Business,3.6,90.5,74.5,28.8,45.5,2,0,5.0,5.1,2.3,1.82,D,0
STU1361,21,Female,Civil,3.4,79.4,70.2,42.2,45.8,3,0,4.2,8.8,4.1,1.83,D,0
STU1362,23,Male,Computer Science,4.5,67.2,65.8,75.8,49.3,2,1,4.2,6.9,5.6,1.97,D,0
STU1363,24,Female,Business,8.2,64.2,55.4,76.3,58.4,1,0,2.4,6.9,2.1,2.34,C,1
STU1364,25,Male,Electronics,5.1,83.9,77.2,58.0,46.6,0,1,1.3,6.2,2.9,1.86,D,0
STU1365,19,Male,Mechanical,5.0,84.2,81.6,76.0,56.3,5,0,3.7,6.0,18.8,2.25,C,1
STU1366,22,Female,Business,5.0,62.9,72.6,87.2,50.1,1,1,3.0,8.0,5.6,2.0,D,1
STU1367,20,Male,Business,7.6,75.6,85.0,75.7,62.8,5,1,4.2,5.8,2.6,2.51,C,1
STU1368,25,Female,Civil,5.4,70.6,88.2,45.7,52.0,2,0,3.3,6.4,1.5,2.08,D,1
STU1369,22,Female,Computer Science,4.3,83.1,87.2,90.4,50.2,5,1,2.7,8.4,6.2,2.01,D,1
STU1370,22,Male,Computer Science,3.4,76.5,80.6,72.0,54.3,2,0,3.2,6.5,1.3,2.17,D,1
STU1371,18,Female,Electronics,6.9,70.5,83.3,59.3,56.1,5,1,4.9,6.8,3.2,2.24,C,1
STU1372,23,Male,Electronics,4.5,61.0,70.3,63.3,49.9,1,1,5.1,8.1,8.0,2.0,D,0
STU1373,19,Male,Electronics,5.5,81.6,78.4,81.5,59.8,5,0,3.5,6.5,5.2,2.39,C,1
STU1374,24,Male,Computer Science,3.2,53.7,69.7,73.0,48.6,5,1,0.7,6.5,19.4,1.94,D,0
STU1375,21,Male,Civil,3.9,76.8,54.8,62.2,47.1,3,0,2.6,5.8,7.7,1.88,D,0
STU1376,19,Female,Electronics,6.8,58.5,63.2,74.8,45.2,0,0,3.9,6.3,1.0,1.81,D,0
STU1377,25,Male,Mechanical,5.0,98.1,59.0,65.3,45.9,0,0,1.1,4.3,5.9,1.84,D,0
STU1378,22,Male,Mechanical,5.8,76.5,68.2,75.1,57.8,1,1,2.9,6.6,5.8,2.31,C,1
STU1379,21,Female,Mechanical,2.2,78.7,67.9,67.1,51.6,4,0,3.2,5.6,3.4,2.06,D,1
STU1380,22,Male,Computer Science,6.0,90.1,67.3,44.2,63.4,0,0,3.4,7.8,16.0,2.54,C,1
STU1381,19,Female,Electronics,3.5,69.2,74.8,71.1,56.1,3,1,4.3,7.6,2.3,2.24,C,1
STU1382,25,Male,Business,3.9,69.0,73.1,82.6,55.4,4,0,0.8,8.4,5.0,2.22,C,1
STU1383,23,Male,Electronics,3.9,77.8,49.5,91.2,44.2,5,0,4.7,8.5,7.5,1.77,D,0
STU1384,24,Male,Computer Science,5.1,37.7,56.6,81.6,42.9,3,0,1.5,6.2,5.2,1.72,D,0
STU1385,25,Male,Computer Science,3.7,93.2,80.3,65.5,40.8,3,1,4.3,6.7,1.0,1.63,D,0
STU1386,25,Male,Civil,2.5,65.2,68.8,71.6,40.4,4,1,2.3,6.9,19.2,1.62,D,0
STU1387,22,Female,Electronics,6.0,83.2,79.2,78.1,63.4,5,1,2.1,8.5,4.4,2.54,C,1
STU1388,24,Male,Computer Science,3.8,87.1,76.8,57.9,46.9,5,0,2.1,6.6,50.0,1.88,D,0
STU1389,19,Female,Electronics,2.2,84.9,83.6,54.3,48.0,4,0,1.0,8.9,13.2,1.92,D,0
STU1390,23,Female,Electronics,8.6,92.4,68.8,63.7,58.8,1,1,4.0,7.0,3.9,2.35,C,1
STU1391,18,Female,Mechanical,3.9,98.9,73.1,69.9,57.5,1,0,5.9,7.3,1.5,2.3,C,1
STU1392,24,Male,Computer Science,1.5,65.6,84.6,54.0,46.7,4,0,3.0,6.7,2.9,1.87,D,0
STU1393,21,Male,Computer Science,3.7,90.7,62.0,75.9,39.0,3,0,4.3,7.8,5.1,1.56,F,0
STU1394,21,Female,Civil,4.7,69.8,78.5,100.0,55.5,1,1,3.0,7.2,1.1,2.22,C,1
STU1395,20,Female,Electronics,4.7,85.4,95.1,50.4,50.5,5,0,5.3,7.1,9.7,2.02,D,1
STU1396,21,Female,Computer Science,3.8,91.7,78.0,72.0,56.2,3,1,5.5,7.5,8.8,2.25,C,1
STU1397,18,Male,Civil,6.2,73.0,75.3,81.5,58.5,4,0,2.6,6.7,3.9,2.34,C,1
STU1398,20,Male,Business,6.4,57.2,73.2,53.4,49.2,2,0,4.2,7.9,3.8,1.97,D,0
STU1399,24,Female,Electronics,2.1,93.5,73.4,59.7,53.0,4,1,3.2,6.8,2.0,2.12,D,1
STU1400,22,Male,Business,5.0,78.0,83.2,70.4,51.4,2,1,2.9,7.7,16.7,2.06,D,1
STU1401,25,Male,Computer Science,4.3,56.2,49.8,58.8,45.1,0,0,2.2,5.2,2.1,1.8,D,0
STU1402,25,Male,Computer Science,4.9,80.7,61.8,86.1,58.1,1,1,5.0,6.1,5.2,2.32,C,1
STU1403,25,Male,Computer Science,5.3,70.1,57.3,45.5,40.2,4,0,3.3,8.7,4.0,1.61,D,0
STU1404,19,Male,Electronics,2.9,81.3,85.3,60.8,37.3,1,0,2.4,7.5,3.4,1.49,F,0
STU1405,24,Male,Mechanical,3.5,84.6,64.3,63.9,43.8,5,0,2.2,6.8,3.1,1.75,D,0
STU1406,22,Male,Computer Science,5.8,84.0,88.6,53.3,55.3,2,0,6.2,5.5,1.0,2.21,C,1
STU1407,19,Male,Mechanical,4.5,68.1,78.0,71.6,49.2,2,0,4.6,8.4,1.6,1.97,D,0
STU1408,19,Female,Computer Science,3.2,96.4,68.5,35.9,50.7,0,1,1.9,7.6,3.3,2.03,D,1
STU1409,18,Male,Computer Science,8.0,79.9,92.7,73.8,70.0,1,1,4.4,7.4,3.5,2.8,B,1
STU1410,18,Female,Electronics,3.5,97.0,59.3,65.7,46.3,0,1,4.1,4.3,4.1,1.85,D,0
STU1411,20,Male,Computer Science,2.6,86.0,75.8,80.4,56.5,4,1,4.7,8.4,4.6,2.26,C,1
STU1412,18,Female,Civil,4.8,87.3,71.4,84.0,53.3,3,1,1.4,6.7,11.6,2.13,D,1
STU1413,18,Male,Business,1.7,94.6,94.7,95.2,65.6,1,0,3.8,6.9,5.2,2.62,B,1
STU1414,19,Male,Business,2.2,95.6,69.4,86.1,48.8,1,0,3.7,6.3,16.0,1.95,D,0
STU1415,18,Female,Computer Science,6.4,74.7,74.8,67.7,59.0,1,0,2.5,7.8,4.3,2.36,C,1
STU1416,25,Male,Business,4.6,90.5,79.8,85.6,61.9,1,0,6.3,5.1,9.0,2.48,C,1
STU1417,25,Female,Mechanical,3.6,69.8,87.3,92.8,48.9,2,0,3.7,8.0,7.2,1.96,D,0
STU1418,22,Male,Computer Science,6.9,64.0,66.2,80.9,51.0,3,0,3.0,6.3,1.7,2.04,D,1
STU1419,24,Male,Business,5.2,37.0,63.8,76.4,44.9,5,1,2.8,7.0,7.6,1.8,D,0
STU1420,22,Male,Mechanical,6.5,83.8,79.9,78.1,56.4,3,0,4.9,8.1,1.8,2.26,C,1
STU1421,22,Male,Civil,3.8,82.3,50.2,54.6,36.8,3,0,3.8,5.8,1.7,1.47,F,0
STU1422,20,Male,Mechanical,3.3,83.7,64.6,85.3,60.4,4,0,3.2,5.8,4.5,2.42,C,1
STU1423,19,Female,Mechanical,4.0,93.4,55.9,80.8,52.4,0,0,2.6,9.4,4.0,2.1,D,1
STU1424,24,Female,Civil,3.0,92.5,92.8,84.1,60.9,4,1,3.8,7.2,3.0,2.44,C,1
STU1425,22,Female,Computer Science,2.7,86.8,59.3,91.3,52.8,2,1,3.0,5.2,1.0,2.11,D,1
STU1426,23,Female,Computer Science,4.3,91.8,84.9,44.9,47.4,5,0,4.2,4.5,13.8,1.9,D,0
STU1427,25,Female,Electronics,4.2,90.9,82.4,95.4,67.3,4,0,4.4,7.8,7.3,2.69,B,1
STU1428,18,Male,Computer Science,2.8,78.5,70.8,38.9,36.1,2,0,5.1,7.7,6.5,1.44,F,0
STU1429,25,Female,Computer Science,3.5,77.9,93.5,91.7,63.7,4,1,2.5,7.1,2.6,2.55,C,1
STU1430,22,Female,Electronics,5.5,79.4,60.5,56.7,41.3,4,0,2.2,6.6,6.3,1.65,D,0
STU1431,19,Female,Computer Science,4.5,59.6,71.4,54.4,44.9,3,0,2.9,7.4,3.4,1.8,D,0
STU1432,23,Male,Electronics,5.6,96.4,72.3,70.5,69.9,2,1,3.2,7.5,6.3,2.8,B,1
STU1433,24,Female,Electronics,3.2,85.6,49.4,62.5,35.4,4,0,1.8,9.2,6.4,1.42,F,0
STU1434,18,Female,Electronics,2.7,81.9,71.8,62.2,53.0,3,0,4.0,7.3,1.7,2.12,D,1
STU1435,22,Female,Computer Science,5.4,76.4,59.8,78.2,47.0,0,1,5.5,7.2,4.2,1.88,D,0
STU1436,24,Female,Mechanical,3.7,73.8,71.6,71.6,43.8,2,1,4.8,6.5,6.4,1.75,D,0
STU1437,25,Female,Computer Science,3.4,92.6,77.3,74.4,63.6,5,0,2.7,6.5,16.9,2.54,C,1
STU1438,19,Male,Civil,4.6,75.1,69.1,65.7,45.4,2,0,3.1,5.9,1.2,1.82,D,0
STU1439,20,Male,Computer Science,5.6,73.4,93.5,31.5,43.5,5,0,2.0,6.2,4.6,1.74,D,0
STU1440,23,Male,Computer Science,3.2,61.0,50.7,72.0,44.0,2,0,4.7,9.2,18.1,1.76,D,0
STU1441,22,Female,Mechanical,5.9,80.3,81.7,65.6,63.4,2,1,2.5,4.6,7.8,2.54,C,1
STU1442,25,Male,Business,7.0,74.8,62.4,60.5,59.2,0,0,4.4,7.1,6.4,2.37,C,1
STU1443,19,Female,Business,4.6,89.5,82.0,53.0,47.7,1,1,5.7,7.1,2.2,1.91,D,0
STU1444,22,Male,Business,6.9,95.1,69.3,62.6,51.6,3,0,2.0,8.6,2.8,2.06,D,1
STU1445,21,Female,Mechanical,2.0,62.0,47.4,88.7,34.9,1,0,3.1,8.3,4.6,1.4,F,0
STU1446,20,Male,Civil,3.3,79.1,57.1,85.9,47.7,4,1,3.0,5.3,16.5,1.91,D,0
STU1447,25,Male,Business,4.4,87.7,78.1,81.1,59.0,1,0,3.7,6.5,2.9,2.36,C,1
STU1448,21,Male,Civil,4.7,99.6,90.2,37.8,60.9,3,0,3.2,4.9,3.4,2.44,C,1
STU1449,22,Female,Mechanical,3.9,50.5,82.6,69.6,57.5,3,1,2.7,7.1,1.9,2.3,C,1
STU1450,18,Male,Civil,7.8,69.6,84.2,78.3,59.7,0,0,2.9,7.7,3.5,2.39,C,1
STU1451,22,Male,Mechanical,5.9,92.8,84.4,82.2,59.6,4,0,3.5,5.9,2.8,2.38,C,1
STU1452,21,Female,Mechanical,2.3,90.0,74.2,64.3,56.7,4,0,3.9,4.8,3.3,2.27,C,1
STU1453,23,Male,Mechanical,6.4,81.7,74.6,82.2,61.9,5,1,4.0,7.4,1.8,2.48,C,1
STU1454,21,Male,Business,5.6,95.8,81.4,87.5,61.8,0,0,2.9,4.7,2.0,2.47,C,1
STU1455,20,Female,Mechanical,5.3,73.3,51.0,80.3,48.6,2,1,2.3,4.9,7.7,1.94,D,0
STU1456,20,Female,Electronics,3.8,79.3,66.7,54.0,39.1,0,0,3.4,7.5,6.9,1.56,F,0
STU1457,23,Male,Computer Science,2.2,86.6,64.3,70.8,50.2,4,0,1.6,7.3,10.2,2.01,D,1
STU1458,22,Male,Mechanical,6.8,42.3,60.8,54.4,35.3,5,0,3.9,5.1,8.3,1.41,F,0
STU1459,25,Female,Computer Science,4.0,65.6,52.8,58.2,39.6,3,0,3.6,6.4,2.3,1.58,F,0
STU1460,23,Male,Computer Science,7.5,89.3,69.4,50.8,55.7,5,0,5.2,8.1,4.3,2.23,C,1
STU1461,21,Female,Business,7.3,79.4,65.2,49.8,61.9,2,0,4.2,7.0,4.2,2.48,C,1
STU1462,21,Male,Business,6.2,94.2,71.6,70.9,64.1,5,0,3.3,6.8,4.1,2.56,C,1
STU1463,20,Male,Civil,4.0,57.0,57.3,69.4,42.6,1,1,2.1,8.4,6.9,1.7,D,0
STU1464,19,Female,Mechanical,7.8,89.4,86.1,52.9,53.3,0,1,0.8,7.8,4.1,2.13,D,1
STU1465,19,Male,Mechanical,5.6,90.5,78.3,74.5,58.9,5,1,4.7,6.2,6.3,2.36,C,1
STU1466,20,Male,Electronics,2.3,38.7,58.9,77.0,30.2,2,0,0.1,6.7,13.0,1.21,F,0
STU1467,19,Male,Civil,5.3,89.8,91.2,67.5,63.4,3,1,2.7,7.3,3.1,2.54,C,1
STU1468,23,Female,Civil,6.4,74.2,71.8,91.1,60.6,4,0,5.0,7.6,1.9,2.42,C,1
STU1469,18,Male,Mechanical,3.2,87.2,60.3,83.3,51.5,5,0,3.5,6.4,1.0,2.06,D,1
STU1470,24,Male,Business,5.1,82.9,80.1,78.1,50.6,3,0,4.6,5.7,3.9,2.02,D,1
STU1471,25,Female,Mechanical,3.0,95.5,77.3,69.3,49.9,0,1,3.6,7.8,8.3,2.0,D,0
STU1472,20,Male,Mechanical,5.9,95.7,67.8,61.5,42.1,1,1,3.9,5.9,6.2,1.68,D,0
STU1473,19,Female,Business,3.3,40.1,57.1,65.8,40.9,5,0,2.8,7.5,3.4,1.64,D,0
STU1474,19,Male,Mechanical,3.7,79.3,72.4,72.1,50.4,0,0,5.2,5.8,3.7,2.02,D,1
STU1475,18,Male,Computer Science,5.3,88.0,56.2,41.8,47.6,4,0,3.0,7.3,4.3,1.9,D,0
STU1476,25,Female,Computer Science,3.8,59.6,58.2,97.4,37.9,0,0,1.6,8.6,20.9,1.52,F,0
STU1477,20,Male,Business,4.9,78.3,58.0,79.3,46.7,1,0,4.3,7.8,1.3,1.87,D,0
STU1478,23,Male,Mechanical,4.1,91.0,66.4,62.6,50.9,0,0,2.1,7.1,12.3,2.04,D,1
STU1479,24,Female,Mechanical,6.2,73.6,71.1,65.0,62.1,3,1,0.8,7.6,3.5,2.48,C,1
STU1480,24,Female,Computer Science,5.9,97.7,84.8,62.6,59.7,2,0,2.8,5.9,3.3,2.39,C,1
STU1481,23,Female,Electronics,2.4,95.9,77.6,92.7,52.8,2,1,3.9,5.5,1.9,2.11,D,1
STU1482,23,Male,Mechanical,3.6,84.8,79.4,58.5,45.7,0,0,1.6,8.0,12.3,1.83,D,0
STU1483,25,Male,Computer Science,2.6,76.2,65.6,66.9,56.8,4,1,2.6,7.7,5.7,2.27,C,1
STU1484,25,Female,Mechanical,2.8,97.0,73.5,58.2,45.1,4,0,3.6,8.0,6.3,1.8,D,0
STU1485,25,Female,Mechanical,4.0,74.7,81.2,58.1,46.1,0,0,3.3,7.3,2.9,1.84,D,0
STU1486,20,Male,Computer Science,4.5,96.1,66.4,95.5,48.7,3,0,2.4,6.7,2.2,1.95,D,0
STU1487,23,Male,Civil,6.1,82.4,77.4,57.8,54.3,0,0,4.2,8.9,14.6,2.17,D,1
STU1488,21,Female,Computer Science,3.1,88.2,84.0,84.2,58.1,2,1,4.4,7.7,1.5,2.32,C,1
STU1489,18,Male,Mechanical,5.2,81.9,58.3,57.9,46.0,2,1,3.8,6.1,1.5,1.84,D,0
STU1490,18,Female,Mechanical,4.9,82.2,72.6,40.2,45.5,2,1,5.1,6.1,1.1,1.82,D,0
STU1491,18,Male,Electronics,3.5,87.0,72.8,73.4,59.5,5,0,1.9,6.0,2.7,2.38,C,1
STU1492,23,Female,Electronics,4.7,69.0,49.6,85.0,46.5,4,1,3.1,7.0,2.2,1.86,D,0
STU1493,24,Female,Computer Science,4.8,78.7,67.0,66.1,52.6,0,0,3.2,7.5,8.0,2.1,D,1
STU1494,18,Male,Mechanical,3.8,75.4,61.1,71.9,48.0,1,0,4.3,8.2,1.5,1.92,D,0
STU1495,18,Male,Computer Science,4.0,91.8,79.3,62.2,55.9,3,0,2.9,5.7,3.7,2.24,C,1
STU1496,19,Male,Business,4.4,80.0,79.6,74.2,52.3,0,0,1.4,5.8,25.9,2.09,D,1
STU1497,22,Female,Business,5.3,87.2,72.8,58.1,55.9,4,0,2.1,6.4,1.8,2.24,C,1
STU1498,21,Male,Computer Science,6.0,79.5,62.8,83.9,56.2,3,0,3.4,7.6,4.7,2.25,C,1
STU1499,21,Male,Electronics,6.5,76.2,54.2,100.0,45.2,3,0,2.9,7.2,3.5,1.81,D,0
STU1500,21,Female,Electronics,2.4,87.7,63.7,21.5,45.1,5,0,1.6,5.6,4.3,1.8,D,0
STU1501,22,Female,Electronics,4.0,86.2,60.4,62.3,41.9,1,0,5.5,6.8,3.6,1.68,D,0
STU1502,23,Female,Civil,5.9,77.6,69.4,90.7,58.0,3,0,3.3,7.9,5.1,2.32,C,1
STU1503,24,Female,Computer Science,5.3,82.2,70.1,58.1,49.7,3,0,2.2,8.6,4.3,1.99,D,0
STU1504,24,Male,Business,4.5,54.5,67.0,64.2,49.8,2,1,4.6,5.5,12.0,1.99,D,0
STU1505,18,Male,Mechanical,7.4,82.6,62.2,62.5,63.8,0,0,3.8,6.8,6.0,2.55,C,1
STU1506,25,Male,Computer Science,3.8,86.1,96.0,85.5,60.5,2,0,3.5,5.1,2.7,2.42,C,1
STU1507,25,Male,Business,8.1,76.3,67.6,75.2,61.6,3,0,4.0,6.9,1.8,2.46,C,1
STU1508,22,Male,Mechanical,7.5,80.6,65.4,54.0,53.7,1,0,3.6,6.9,10.8,2.15,D,1
STU1509,24,Female,Computer Science,5.2,89.8,49.6,91.6,56.6,4,0,2.5,6.1,1.5,2.26,C,1
STU1510,23,Female,Computer Science,5.2,61.9,84.7,77.6,61.2,1,0,4.4,7.1,13.6,2.45,C,1
STU1511,19,Female,Business,5.0,77.9,81.1,67.4,65.2,4,0,4.4,8.4,1.0,2.61,B,1
STU1512,21,Female,Electronics,3.4,74.9,88.5,93.2,48.6,3,1,3.9,5.9,1.5,1.94,D,0
STU1513,19,Male,Computer Science,5.3,63.3,58.1,63.8,48.9,0,0,5.7,7.9,5.2,1.96,D,0
STU1514,23,Male,Computer Science,2.4,78.5,53.2,83.3,45.6,3,1,3.1,8.7,4.0,1.82,D,0
STU1515,24,Female,Computer Science,2.0,82.8,68.7,49.9,45.5,4,1,4.8,6.7,7.8,1.82,D,0
STU1516,23,Female,Computer Science,3.0,84.6,72.2,70.3,52.4,2,0,4.2,9.6,20.1,2.1,D,1
STU1517,24,Female,Electronics,7.7,98.3,56.4,95.0,72.1,2,0,3.7,7.0,8.0,2.88,B,1
STU1518,22,Male,Computer Science,7.2,62.1,65.4,100.0,53.4,5,0,2.3,6.4,4.5,2.14,D,1
STU1519,22,Female,Electronics,5.1,92.9,71.6,76.1,54.1,0,1,3.7,4.9,1.0,2.16,D,1
STU1520,20,Male,Computer Science,4.2,83.6,64.0,28.4,48.0,4,0,3.8,6.9,3.9,1.92,D,0
STU1521,21,Female,Electronics,6.7,93.3,72.7,97.7,71.2,0,0,0.9,4.4,10.9,2.85,B,1
STU1522,20,Male,Electronics,6.8,46.0,69.9,74.6,45.8,1,0,2.9,6.9,2.8,1.83,D,0
STU1523,22,Male,Business,3.7,94.9,63.1,46.1,43.6,1,0,4.2,7.6,1.0,1.74,D,0
STU1524,22,Male,Computer Science,4.4,71.1,94.1,72.4,49.4,3,0,3.5,7.8,17.9,1.98,D,0
STU1525,25,Male,Electronics,2.9,80.8,56.4,84.2,49.2,5,1,1.7,7.3,2.6,1.97,D,0
STU1526,22,Female,Electronics,6.6,82.8,87.5,71.2,65.7,5,1,2.0,7.0,3.6,2.63,B,1
STU1527,19,Male,Civil,6.3,75.4,56.2,76.9,55.0,5,1,5.1,9.6,6.0,2.2,D,1
STU1528,23,Male,Mechanical,3.3,90.2,68.3,44.3,44.7,1,0,2.7,8.6,2.1,1.79,D,0
STU1529,20,Female,Civil,2.9,63.2,87.1,83.3,51.0,4,0,3.4,6.1,7.9,2.04,D,1
STU1530,22,Female,Business,8.5,87.7,54.7,52.0,54.8,5,0,3.7,5.8,9.6,2.19,D,1
STU1531,20,Male,Electronics,5.2,80.9,77.0,78.4,51.7,3,1,1.1,7.1,3.8,2.07,D,1
STU1532,25,Female,Civil,2.4,60.8,74.5,79.5,44.6,4,0,4.7,7.9,1.6,1.78,D,0
STU1533,23,Female,Civil,3.5,48.1,76.5,92.6,41.7,3,0,2.4,7.3,1.7,1.67,D,0
STU1534,23,Female,Business,2.6,78.2,63.5,41.1,39.5,2,0,4.3,7.1,19.2,1.58,F,0
STU1535,18,Female,Civil,5.9,73.8,66.5,66.1,49.1,5,1,5.1,5.4,1.4,1.96,D,0
STU1536,18,Female,Computer Science,1.3,93.7,71.2,48.1,42.2,0,1,2.9,5.4,4.5,1.69,D,0
STU1537,18,Male,Computer Science,2.7,86.1,100.0,65.0,63.6,3,1,4.1,6.9,8.2,2.54,C,1
STU1538,25,Male,Mechanical,6.6,72.1,67.4,58.4,54.7,4,0,4.4,5.0,5.4,2.19,D,1
STU1539,19,Female,Civil,4.1,86.2,86.3,85.8,60.9,3,0,3.6,7.3,7.4,2.44,C,1
STU1540,22,Female,Electronics,2.8,77.4,74.7,51.9,38.7,0,1,2.2,6.8,8.7,1.55,F,0
STU1541,18,Male,Civil,1.2,61.4,75.2,56.8,42.5,4,0,2.7,5.3,1.2,1.7,D,0
STU1542,25,Female,Computer Science,3.6,91.8,90.0,59.6,61.1,1,1,2.1,6.1,2.0,2.44,C,1
STU1543,19,Male,Civil,4.8,81.5,76.1,95.7,55.2,3,1,2.4,6.0,3.9,2.21,C,1
STU1544,22,Female,Electronics,6.7,97.1,53.9,33.8,46.2,1,1,5.0,8.0,1.4,1.85,D,0
STU1545,18,Female,Electronics,4.3,94.1,60.6,64.6,39.2,2,0,5.5,8.0,5.7,1.57,F,0
STU1546,18,Male,Business,2.7,81.8,86.1,59.3,56.1,2,0,4.2,7.4,2.8,2.24,C,1
STU1547,20,Female,Mechanical,5.1,83.0,76.8,43.0,51.8,2,0,2.5,4.7,11.0,2.07,D,1
STU1548,25,Female,Mechanical,4.4,78.7,83.9,65.8,51.1,1,1,5.4,5.9,1.6,2.04,D,1
STU1549,21,Male,Electronics,2.5,87.2,39.5,84.7,64.0,3,0,3.1,5.6,7.5,2.56,C,1
STU1550,20,Male,Business,5.2,64.3,90.2,73.3,57.3,1,0,4.4,4.7,5.0,2.29,C,1
STU1551,22,Female,Civil,6.7,90.1,74.3,85.8,61.1,2,1,2.5,9.3,1.6,2.44,C,1
STU1552,20,Male,Mechanical,4.7,75.1,76.7,94.1,64.8,2,0,4.0,5.9,2.4,2.59,C,1
STU1553,21,Male,Mechanical,3.8,92.9,90.8,75.7,58.7,1,0,2.4,7.5,3.3,2.35,C,1
STU1554,25,Male,Computer Science,1.6,82.5,70.4,86.6,45.4,2,0,3.0,5.3,3.8,1.82,D,0
STU1555,23,Female,Mechanical,3.4,74.5,86.9,80.0,56.2,1,1,2.2,7.0,5.7,2.25,C,1
STU1556,21,Female,Computer Science,5.9,75.8,67.2,84.1,57.3,5,0,4.9,6.5,5.8,2.29,C,1
STU1557,18,Male,Business,2.2,75.6,66.8,62.6,44.6,4,0,4.9,7.0,5.3,1.78,D,0
STU1558,21,Male,Mechanical,5.1,86.2,63.7,45.5,44.0,5,0,1.6,8.6,1.1,1.76,D,0
STU1559,19,Female,Mechanical,2.8,85.9,68.2,75.9,64.6,1,0,3.5,8.7,4.9,2.58,C,1
STU1560,21,Male,Business,2.6,86.4,71.6,77.3,49.6,1,1,3.7,5.9,1.9,1.98,D,0
STU1561,25,Male,Computer Science,1.5,81.2,76.7,64.0,43.3,2,1,5.0,6.0,2.9,1.73,D,0
STU1562,24,Male,Computer Science,5.0,50.6,75.4,52.7,62.6,3,0,3.3,8.5,6.4,2.5,C,1
STU1563,24,Male,Business,6.0,57.5,56.4,60.0,42.9,2,0,3.2,9.6,2.5,1.72,D,0
STU1564,20,Male,Civil,3.6,53.2,66.8,39.9,45.7,0,0,4.6,6.6,1.0,1.83,D,0
STU1565,24,Male,Computer Science,3.2,93.9,73.0,69.1,50.7,1,1,3.2,8.6,1.6,2.03,D,1
STU1566,22,Female,Computer Science,3.1,86.0,61.8,74.4,53.0,5,0,3.7,6.5,3.2,2.12,D,1
STU1567,25,Male,Computer Science,4.3,71.3,89.1,94.1,52.2,1,1,0.8,9.4,9.0,2.09,D,1
STU1568,19,Female,Mechanical,5.7,70.9,81.6,60.1,48.9,5,1,2.3,8.2,7.5,1.96,D,0
STU1569,19,Male,Civil,5.0,88.8,62.6,68.2,63.9,4,1,3.0,7.9,5.2,2.56,C,1
STU1570,19,Male,Mechanical,5.8,72.9,92.7,59.1,50.1,0,1,2.7,6.5,43.5,2.0,D,1
STU1571,18,Female,Electronics,4.5,77.1,70.5,62.9,41.0,2,1,2.8,8.4,4.4,1.64,D,0
STU1572,23,Male,Electronics,4.6,87.7,92.0,68.1,68.2,1,0,3.9,6.6,3.2,2.73,B,1
STU1573,25,Female,Computer Science,2.5,81.4,88.7,63.7,43.5,4,0,3.2,6.9,8.0,1.74,D,0
STU1574,20,Female,Civil,3.5,69.2,71.5,76.7,48.0,0,0,4.3,8.5,2.5,1.92,D,0
STU1575,19,Female,Civil,5.8,73.7,83.7,74.3,58.8,2,0,6.7,6.5,5.5,2.35,C,1
STU1576,21,Male,Civil,2.8,76.5,77.6,73.4,60.5,0,0,4.4,8.2,1.5,2.42,C,1
STU1577,23,Female,Business,4.4,60.9,62.3,78.8,43.5,0,1,4.0,6.7,5.7,1.74,D,0
STU1578,23,Female,Computer Science,3.8,86.0,86.0,66.3,52.1,4,1,2.9,8.6,2.7,2.08,D,1
STU1579,19,Female,Computer Science,8.1,67.3,63.2,42.8,51.2,1,0,3.9,6.0,1.0,2.05,D,1
STU1580,20,Female,Computer Science,3.5,84.8,72.6,77.8,44.8,1,1,4.1,4.8,2.8,1.79,D,0
STU1581,21,Male,Electronics,4.7,83.1,44.9,59.9,46.8,1,0,0.7,7.7,4.4,1.87,D,0
STU1582,23,Male,Computer Science,4.5,63.0,84.8,64.8,54.1,5,0,4.4,8.7,8.7,2.16,D,1
STU1583,24,Female,Business,4.7,83.0,71.6,68.9,51.4,5,1,4.4,7.6,5.4,2.06,D,1
STU1584,19,Male,Computer Science,4.4,80.0,69.8,73.4,51.1,4,1,4.0,6.9,4.1,2.04,D,1
STU1585,25,Male,Business,4.5,68.2,71.5,72.5,45.3,5,0,3.3,6.5,1.6,1.81,D,0
STU1586,25,Female,Computer Science,5.7,84.2,70.1,81.4,59.4,1,0,3.2,9.0,5.3,2.38,C,1
STU1587,25,Male,Business,4.8,68.8,60.4,30.8,42.5,4,1,2.1,6.9,6.9,1.7,D,0
STU1588,22,Male,Electronics,6.3,92.8,89.8,85.5,63.7,4,1,4.6,8.1,5.3,2.55,C,1
STU1589,22,Male,Electronics,5.0,79.2,45.7,98.3,45.0,5,0,2.7,5.5,14.7,1.8,D,0
STU1590,20,Female,Computer Science,1.7,83.6,70.4,71.3,32.4,4,1,3.9,8.1,3.5,1.3,F,0
STU1591,20,Male,Mechanical,5.9,85.5,77.9,65.3,59.0,1,0,4.5,7.9,7.4,2.36,C,1
STU1592,21,Male,Electronics,4.7,55.4,80.4,93.6,63.6,5,1,2.7,5.9,3.8,2.54,C,1
STU1593,18,Female,Computer Science,4.5,82.2,63.4,74.5,41.0,2,1,3.1,8.9,5.6,1.64,D,0
STU1594,20,Male,Business,3.8,80.8,74.1,91.6,59.3,5,0,3.7,6.8,8.7,2.37,C,1
STU1595,21,Female,Business,5.0,63.6,68.9,73.8,45.7,2,1,4.9,4.7,19.6,1.83,D,0
STU1596,21,Female,Electronics,2.8,86.5,72.9,58.7,51.2,1,0,4.6,6.3,3.3,2.05,D,1
STU1597,18,Male,Civil,6.4,73.1,83.8,65.5,43.3,1,1,1.0,7.2,9.9,1.73,D,0
STU1598,25,Female,Mechanical,2.5,83.8,60.9,88.5,46.5,1,0,4.2,6.8,6.6,1.86,D,0
STU1599,20,Male,Computer Science,6.5,68.2,100.0,93.4,65.4,2,0,3.2,9.3,7.4,2.62,B,1
STU1600,18,Male,Mechanical,5.1,79.4,90.6,91.4,60.0,3,0,1.9,8.5,2.3,2.4,C,1
STU1601,21,Male,Electronics,5.5,96.4,71.5,74.0,61.3,2,0,3.8,5.1,5.6,2.45,C,1
STU1602,20,Male,Computer Science,4.1,96.0,75.6,78.4,64.9,1,0,2.4,7.2,2.7,2.6,C,1
STU1603,20,Male,Mechanical,3.5,57.3,84.2,49.6,50.1,4,1,4.2,8.1,5.6,2.0,D,1
STU1604,22,Female,Electronics,4.9,99.1,99.5,80.2,66.1,5,0,4.6,6.4,4.1,2.64,B,1
STU1605,23,Female,Civil,5.9,82.4,84.7,70.1,57.7,2,0,1.2,6.3,1.0,2.31,C,1
STU1606,22,Female,Business,3.1,76.4,67.9,73.7,50.0,3,0,3.3,4.1,3.1,2.0,D,1
STU1607,25,Female,Electronics,5.8,65.5,46.2,61.0,40.2,5,0,4.3,9.1,11.1,1.61,D,0
STU1608,21,Male,Civil,3.8,68.5,84.7,44.5,57.0,2,0,3.6,7.3,5.7,2.28,C,1
STU1609,20,Female,Mechanical,3.5,79.2,72.0,69.6,48.0,3,0,3.4,4.9,2.1,1.92,D,0
STU1610,18,Female,Computer Science,4.1,93.9,81.0,52.1,48.2,1,0,1.8,6.5,4.3,1.93,D,0
STU1611,18,Female,Electronics,6.4,85.0,51.6,80.3,64.6,4,0,4.1,7.1,2.4,2.58,C,1
STU1612,25,Female,Electronics,3.8,92.4,77.5,84.2,53.2,2,1,4.1,6.6,1.6,2.13,D,1
STU1613,24,Male,Electronics,4.5,91.9,53.1,72.4,52.2,2,0,3.3,6.7,2.2,2.09,D,1
STU1614,22,Male,Computer Science,4.6,64.6,86.2,62.7,53.6,3,1,2.7,9.6,3.9,2.14,D,1
STU1615,21,Male,Computer Science,5.0,89.4,63.8,88.1,54.1,1,0,2.5,6.9,8.3,2.16,D,1
STU1616,22,Female,Civil,5.6,82.3,64.6,64.9,47.7,5,0,2.2,6.6,1.4,1.91,D,0
STU1617,20,Male,Mechanical,5.5,54.3,87.1,63.0,52.5,3,1,4.5,6.6,1.8,2.1,D,1
STU1618,23,Male,Business,6.7,78.4,64.2,65.1,47.9,3,0,2.4,6.6,13.2,1.92,D,0
STU1619,24,Female,Civil,4.9,62.8,72.2,77.4,57.5,4,0,3.6,6.6,21.7,2.3,C,1
STU1620,24,Male,Business,5.5,86.5,74.3,71.5,58.7,3,0,1.3,8.6,3.8,2.35,C,1
STU1621,24,Female,Electronics,4.3,87.5,64.8,69.0,45.3,1,1,4.4,6.2,2.0,1.81,D,0
STU1622,25,Male,Business,2.8,84.0,81.4,62.6,38.0,4,0,3.3,5.6,7.6,1.52,F,0
STU1623,21,Male,Mechanical,5.1,55.1,84.5,90.0,46.6,3,0,4.8,6.0,2.1,1.86,D,0
STU1624,19,Female,Electronics,5.1,59.5,96.6,59.2,46.8,2,0,2.6,7.4,5.6,1.87,D,0
STU1625,19,Male,Electronics,5.0,91.5,83.2,92.8,52.4,2,1,4.7,6.3,6.4,2.1,D,1
STU1626,24,Male,Computer Science,3.5,87.1,81.8,48.0,44.2,0,0,5.7,5.8,8.7,1.77,D,0
STU1627,20,Female,Mechanical,3.5,72.4,59.5,56.5,44.3,1,1,2.5,5.4,2.5,1.77,D,0
STU1628,22,Female,Business,4.6,87.0,72.8,80.0,57.9,1,0,2.5,5.2,4.4,2.32,C,1
STU1629,23,Female,Computer Science,3.6,68.7,66.0,80.7,58.3,2,0,4.0,8.6,5.1,2.33,C,1
STU1630,25,Female,Electronics,7.0,62.7,69.5,91.6,58.3,3,0,3.1,6.5,3.3,2.33,C,1
STU1631,18,Female,Computer Science,5.4,59.5,87.9,100.0,50.4,5,1,2.5,4.5,5.9,2.02,D,1
STU1632,24,Male,Civil,3.1,50.7,80.2,69.0,44.0,0,0,3.4,5.8,5.9,1.76,D,0
STU1633,24,Female,Business,3.6,76.7,77.9,89.3,54.2,1,0,4.0,7.4,7.4,2.17,D,1
STU1634,24,Male,Electronics,2.7,94.7,68.5,78.4,45.1,2,0,2.5,6.5,10.6,1.8,D,0
STU1635,22,Female,Electronics,4.2,63.2,65.4,58.6,55.0,2,0,3.7,8.5,5.2,2.2,D,1
STU1636,19,Male,Computer Science,7.0,89.3,53.0,56.5,54.7,3,0,4.3,5.3,5.7,2.19,D,1
STU1637,18,Female,Business,6.2,49.3,60.3,58.6,52.0,2,1,4.4,5.7,15.2,2.08,D,1
STU1638,23,Male,Electronics,3.6,81.4,81.5,76.9,57.6,1,0,1.8,6.9,2.2,2.3,C,1
STU1639,23,Female,Computer Science,4.2,84.3,82.5,55.2,61.5,2,1,2.8,6.8,18.5,2.46,C,1
STU1640,20,Female,Electronics,4.9,59.4,64.9,90.5,49.7,3,1,3.9,8.4,4.0,1.99,D,0
STU1641,21,Male,Mechanical,4.2,56.4,81.5,94.9,48.0,0,0,5.1,8.0,2.5,1.92,D,0
STU1642,22,Female,Business,2.0,73.3,86.6,66.7,46.8,1,1,3.9,5.7,1.0,1.87,D,0
STU1643,25,Male,Mechanical,3.5,95.5,64.9,35.5,48.3,1,1,4.1,5.3,22.4,1.93,D,0
STU1644,22,Male,Mechanical,6.5,81.4,49.2,45.1,46.5,5,1,4.3,7.1,22.7,1.86,D,0
STU1645,21,Male,Computer Science,2.5,84.2,92.6,65.0,55.0,5,0,4.2,9.0,5.3,2.2,D,1
STU1646,21,Female,Business,4.8,93.5,64.1,57.3,51.7,3,1,3.6,8.8,1.2,2.07,D,1
STU1647,18,Female,Electronics,2.3,80.2,79.8,97.7,59.0,3,0,4.7,8.8,7.7,2.36,C,1
STU1648,25,Male,Mechanical,5.0,67.3,53.8,60.5,32.7,3,1,4.3,6.9,8.1,1.31,F,0
STU1649,23,Male,Mechanical,4.3,88.2,62.0,71.2,39.2,0,1,4.4,5.9,2.9,1.57,F,0
STU1650,25,Female,Mechanical,6.0,45.7,83.7,81.8,54.6,1,1,3.4,7.6,4.5,2.18,D,1
STU1651,22,Male,Computer Science,3.6,85.6,84.2,77.6,51.9,1,1,3.9,5.6,29.1,2.08,D,1
STU1652,19,Male,Computer Science,7.2,61.7,75.0,58.7,53.6,1,0,5.2,9.3,11.3,2.14,D,1
STU1653,18,Female,Electronics,5.6,79.6,62.7,60.3,41.7,5,0,5.7,9.7,1.1,1.67,D,0
STU1654,21,Female,Business,7.1,91.0,95.1,60.2,62.5,0,1,5.6,5.4,1.5,2.5,C,1
STU1655,19,Male,Mechanical,4.7,79.6,55.8,77.3,53.1,1,0,3.3,6.7,22.8,2.12,D,1
STU1656,21,Male,Computer Science,4.7,93.8,87.1,92.4,57.4,2,1,3.7,9.3,16.8,2.3,C,1
STU1657,21,Female,Computer Science,4.0,80.6,77.2,75.8,50.8,5,0,4.1,7.6,5.9,2.03,D,1
STU1658,18,Female,Electronics,1.6,56.1,88.2,65.9,41.9,4,0,1.5,8.8,4.2,1.68,D,0
STU1659,22,Female,Mechanical,4.8,82.3,68.7,76.2,42.7,3,0,2.8,7.3,28.4,1.71,D,0
STU1660,25,Male,Electronics,3.0,77.7,68.9,75.2,53.7,5,0,4.8,6.6,14.7,2.15,D,1
STU1661,25,Female,Computer Science,4.3,83.4,77.0,62.6,52.1,2,0,2.9,8.6,3.6,2.08,D,1
STU1662,22,Female,Business,1.4,67.9,97.4,89.5,52.0,2,0,5.2,8.3,5.3,2.08,D,1
STU1663,22,Female,Business,2.2,68.4,65.9,66.7,45.9,0,1,2.9,6.8,4.0,1.84,D,0
STU1664,20,Male,Computer Science,5.7,66.0,78.5,44.0,56.2,5,1,1.5,9.3,3.8,2.25,C,1
STU1665,20,Male,Mechanical,4.0,60.6,99.1,80.1,51.9,4,1,5.8,5.8,3.6,2.08,D,1
STU1666,19,Female,Computer Science,3.0,78.4,81.8,63.7,46.9,4,1,2.4,7.5,36.3,1.88,D,0
STU1667,18,Female,Electronics,5.0,93.0,73.2,83.6,50.8,3,1,0.5,6.8,4.2,2.03,D,1
STU1668,21,Male,Mechanical,4.1,77.4,68.0,70.2,43.5,1,1,3.0,8.9,13.7,1.74,D,0
STU1669,19,Male,Electronics,5.6,82.9,50.8,89.9,51.4,0,0,3.2,7.4,21.5,2.06,D,1
STU1670,24,Male,Business,5.5,77.0,75.1,83.7,56.9,5,1,3.1,6.8,15.5,2.28,C,1
STU1671,24,Female,Electronics,6.5,71.3,61.2,76.8,64.1,5,1,6.0,7.7,2.7,2.56,C,1
STU1672,19,Male,Mechanical,4.7,85.2,91.4,79.0,65.9,1,0,4.2,7.0,26.6,2.64,B,1
STU1673,23,Female,Electronics,6.2,92.3,58.8,63.4,57.3,1,0,3.1,6.7,3.7,2.29,C,1
STU1674,25,Male,Computer Science,5.5,81.9,61.1,55.4,51.5,1,1,5.5,6.9,1.7,2.06,D,1
STU1675,22,Female,Mechanical,6.4,90.6,77.8,72.2,56.0,1,1,3.9,8.2,6.4,2.24,C,1
STU1676,18,Female,Civil,4.5,84.9,75.4,56.6,50.5,5,0,2.2,9.1,11.0,2.02,D,1
STU1677,24,Female,Mechanical,5.3,89.1,49.0,57.1,39.0,4,0,4.6,6.2,2.4,1.56,F,0
STU1678,19,Female,Business,1.5,79.7,62.8,77.8,35.0,1,1,3.2,6.4,6.7,1.4,F,0
STU1679,24,Female,Electronics,4.9,84.2,82.7,54.6,59.0,4,1,5.0,7.2,1.0,2.36,C,1
STU1680,20,Male,Electronics,2.9,60.5,73.6,68.9,46.3,1,0,5.9,7.9,6.9,1.85,D,0
STU1681,19,Male,Mechanical,4.3,65.9,72.4,69.5,43.7,1,0,3.4,7.7,2.0,1.75,D,0
STU1682,21,Female,Computer Science,7.3,82.0,59.2,84.5,49.9,4,0,3.1,8.3,3.1,2.0,D,0
STU1683,25,Male,Computer Science,0.0,79.8,70.3,39.3,24.9,1,0,3.2,9.1,3.9,1.0,F,0
STU1684,25,Male,Electronics,4.5,89.7,92.2,61.1,62.2,0,1,4.3,4.5,3.3,2.49,C,1
STU1685,21,Female,Business,4.9,69.8,60.4,77.7,49.0,5,1,4.6,5.4,13.2,1.96,D,0
STU1686,19,Female,Electronics,2.5,75.7,52.7,39.0,34.5,4,1,0.5,6.1,11.1,1.38,F,0
STU1687,24,Male,Mechanical,5.4,89.8,78.3,80.8,65.2,4,0,3.4,4.3,12.5,2.61,B,1
STU1688,22,Female,Mechanical,7.0,69.2,68.5,86.8,72.1,3,1,2.6,5.4,16.3,2.88,B,1
STU1689,19,Female,Mechanical,2.2,79.7,76.6,80.5,45.6,1,0,1.9,8.5,11.9,1.82,D,0
STU1690,23,Female,Electronics,5.0,88.0,61.5,88.5,50.3,1,0,2.5,6.5,2.0,2.01,D,1
STU1691,25,Female,Mechanical,4.7,86.6,69.5,68.1,45.2,1,1,2.3,7.1,1.2,1.81,D,0
STU1692,20,Male,Business,6.2,75.0,68.0,65.5,49.7,5,0,3.0,6.3,4.9,1.99,D,0
STU1693,21,Male,Computer Science,5.2,57.4,74.7,70.3,58.6,2,1,4.5,4.0,3.4,2.34,C,1
STU1694,19,Male,Electronics,3.0,85.6,46.7,51.3,41.2,5,0,3.9,8.1,2.7,1.65,D,0
STU1695,22,Male,Electronics,3.6,91.8,90.5,58.8,54.7,4,0,3.9,6.5,14.4,2.19,D,1
STU1696,19,Female,Mechanical,5.9,76.0,79.5,62.8,64.4,3,1,3.6,5.3,2.9,2.58,C,1
STU1697,18,Male,Electronics,5.3,76.5,87.0,73.0,51.6,0,1,4.3,8.1,11.8,2.06,D,1
STU1698,24,Female,Mechanical,1.2,94.9,92.6,43.9,55.7,3,0,4.4,9.4,4.3,2.23,C,1
STU1699,25,Female,Computer Science,2.6,93.8,85.7,51.0,50.9,2,0,2.6,6.5,2.2,2.04,D,1
STU1700,23,Female,Computer Science,6.1,38.8,75.2,57.1,48.4,2,0,2.0,8.1,3.7,1.94,D,0
STU1701,25,Female,Electronics,3.7,75.2,66.5,68.0,47.0,3,0,3.7,7.6,3.2,1.88,D,0
STU1702,20,Female,Computer Science,3.3,97.0,63.4,66.8,56.9,0,0,4.6,7.0,2.0,2.28,C,1
STU1703,19,Female,Civil,3.5,86.8,77.1,61.4,46.1,4,0,4.8,8.8,5.3,1.84,D,0
STU1704,23,Female,Computer Science,3.6,94.4,70.8,79.4,58.9,5,0,0.6,7.0,4.9,2.36,C,1
STU1705,22,Female,Business,4.4,96.6,74.8,55.8,55.9,0,0,2.4,7.6,1.1,2.24,C,1
STU1706,20,Male,Computer Science,5.9,89.5,58.6,76.0,60.4,3,1,4.2,8.6,2.1,2.42,C,1
STU1707,23,Female,Computer Science,3.0,98.4,92.1,60.6,41.9,5,0,3.3,7.5,4.4,1.68,D,0
STU1708,25,Female,Mechanical,5.9,62.1,100.0,76.5,50.6,5,1,1.1,8.0,5.7,2.02,D,1
STU1709,24,Female,Computer Science,4.9,87.4,62.7,91.4,56.1,3,0,3.9,6.2,5.7,2.24,C,1
STU1710,19,Female,Computer Science,5.2,82.5,67.5,80.9,56.4,5,0,2.0,7.4,3.7,2.26,C,1
STU1711,18,Male,Mechanical,2.0,90.8,77.2,64.0,56.5,0,0,1.5,5.5,18.7,2.26,C,1
STU1712,23,Female,Computer Science,4.5,50.7,74.7,51.8,51.1,5,1,3.7,6.2,1.6,2.04,D,1
STU1713,19,Male,Civil,3.4,83.1,57.7,66.7,45.9,2,1,5.0,6.7,13.3,1.84,D,0
STU1714,23,Female,Computer Science,3.1,86.4,65.8,75.8,48.6,3,0,2.2,7.7,12.2,1.94,D,0
STU1715,21,Male,Business,4.6,58.4,54.0,68.0,35.7,5,0,2.9,7.8,3.1,1.43,F,0
STU1716,18,Female,Computer Science,4.5,80.4,66.8,78.0,50.6,0,1,3.7,5.9,1.1,2.02,D,1
STU1717,20,Male,Mechanical,3.5,74.6,75.3,61.4,53.9,0,0,5.1,5.0,7.7,2.16,D,1
STU1718,24,Female,Civil,3.6,77.2,78.3,74.3,57.5,3,1,1.9,8.1,3.0,2.3,C,1
STU1719,20,Male,Computer Science,3.6,71.1,63.8,63.3,43.2,3,1,4.9,7.5,7.9,1.73,D,0
STU1720,23,Male,Electronics,6.2,81.3,41.8,61.6,54.2,2,0,4.6,5.7,1.6,2.17,D,1
STU1721,22,Male,Civil,5.4,66.5,82.4,66.2,55.6,2,0,4.3,6.1,1.9,2.22,C,1
STU1722,24,Male,Business,3.8,83.7,73.7,78.1,61.2,5,1,5.5,8.8,3.4,2.45,C,1
STU1723,22,Female,Computer Science,7.7,62.3,67.2,27.8,45.1,1,0,3.5,8.2,2.6,1.8,D,0
STU1724,21,Female,Computer Science,5.1,54.7,76.9,56.2,47.3,3,0,5.1,5.2,5.3,1.89,D,0
STU1725,18,Female,Civil,5.7,88.0,46.5,71.1,51.6,4,0,4.6,8.1,1.2,2.06,D,1
STU1726,21,Male,Computer Science,4.5,57.9,68.8,63.0,36.9,0,0,3.2,7.2,4.8,1.48,F,0
STU1727,21,Female,Civil,3.8,72.0,77.3,65.5,52.4,5,1,3.1,8.2,2.3,2.1,D,1
STU1728,20,Female,Civil,1.3,51.6,91.8,90.1,57.5,2,1,3.2,7.4,16.8,2.3,C,1
STU1729,19,Male,Electronics,5.2,80.1,63.2,68.5,47.7,1,0,1.8,4.0,2.9,1.91,D,0
STU1730,23,Male,Mechanical,5.7,92.9,92.1,90.8,62.8,2,1,3.3,6.2,6.4,2.51,C,1
STU1731,21,Male,Computer Science,4.0,74.0,75.5,79.6,40.8,0,0,1.5,5.6,1.8,1.63,D,0
STU1732,20,Male,Civil,5.7,90.2,81.5,81.3,55.4,1,0,1.2,8.6,6.3,2.22,C,1
STU1733,22,Male,Computer Science,2.5,89.0,89.6,79.1,68.4,0,1,5.2,6.3,2.8,2.74,B,1
STU1734,22,Female,Electronics,5.9,73.6,79.0,56.8,53.8,1,0,1.9,7.6,10.5,2.15,D,1
STU1735,19,Female,Civil,2.8,76.3,56.9,69.7,42.1,2,1,2.5,8.7,3.5,1.68,D,0
STU1736,18,Male,Electronics,3.5,86.9,74.0,90.9,51.8,4,0,4.0,6.7,4.6,2.07,D,1
STU1737,21,Female,Mechanical,7.6,75.7,78.4,73.7,54.2,0,1,3.5,6.5,10.4,2.17,D,1
STU1738,21,Male,Electronics,4.8,78.8,78.3,71.7,59.3,5,0,4.7,7.3,3.5,2.37,C,1
STU1739,18,Male,Computer Science,3.4,65.9,69.4,74.5,55.7,2,0,5.5,8.3,3.7,2.23,C,1
STU1740,19,Female,Electronics,5.7,59.9,78.5,73.8,51.4,2,1,3.4,7.1,11.4,2.06,D,1
STU1741,25,Male,Business,5.1,98.1,80.1,40.9,45.3,3,0,4.6,8.6,4.2,1.81,D,0
STU1742,22,Female,Business,5.2,73.0,71.7,89.9,62.0,2,0,3.2,6.6,1.3,2.48,C,1
STU1743,18,Female,Civil,5.8,71.5,61.3,64.0,47.7,0,1,2.1,7.5,3.6,1.91,D,0
STU1744,22,Female,Computer Science,4.4,80.5,66.7,63.7,40.3,4,1,2.7,6.4,2.8,1.61,D,0
STU1745,18,Male,Computer Science,3.5,68.8,71.7,71.3,37.7,1,1,1.8,8.4,3.0,1.51,F,0
STU1746,20,Female,Mechanical,3.8,75.2,79.1,57.2,53.7,2,0,2.1,7.2,7.0,2.15,D,1
STU1747,21,Male,Civil,2.5,80.2,75.3,61.8,51.0,3,1,2.2,6.2,3.8,2.04,D,1
STU1748,24,Male,Computer Science,4.8,70.6,60.2,75.7,54.1,1,0,2.6,6.8,7.5,2.16,D,1
STU1749,22,Male,Mechanical,1.3,80.1,87.8,70.9,44.0,1,1,2.5,6.6,4.2,1.76,D,0
STU1750,20,Male,Electronics,5.3,92.0,82.3,60.2,56.1,2,0,3.6,5.7,9.9,2.24,C,1
STU1751,19,Female,Electronics,4.2,74.1,71.7,56.9,49.4,5,0,4.7,9.4,1.7,1.98,D,0
STU1752,18,Female,Electronics,5.8,66.1,83.9,70.0,48.4,2,0,3.7,5.6,4.2,1.94,D,0
STU1753,19,Male,Computer Science,7.1,66.8,72.8,53.6,48.5,1,0,3.6,6.4,1.8,1.94,D,0
STU1754,22,Female,Computer Science,4.6,74.4,69.1,38.0,35.2,0,1,3.9,6.7,2.6,1.41,F,0
STU1755,21,Male,Computer Science,4.7,68.4,80.8,39.9,50.9,3,0,4.6,7.6,2.0,2.04,D,1
STU1756,19,Female,Civil,2.1,56.8,89.7,81.5,41.6,4,0,1.8,5.0,2.1,1.66,D,0
STU1757,18,Female,Mechanical,2.6,90.9,63.1,72.5,51.1,4,0,3.2,7.0,2.8,2.04,D,1
STU1758,20,Male,Computer Science,4.6,72.7,63.3,83.4,44.8,4,0,3.0,5.6,5.4,1.79,D,0
STU1759,22,Female,Mechanical,7.6,98.6,67.9,72.1,55.6,0,1,5.3,4.7,2.9,2.22,C,1
STU1760,23,Female,Electronics,4.6,83.9,57.6,61.6,54.7,2,1,5.1,7.5,2.9,2.19,D,1
STU1761,20,Male,Civil,5.6,92.2,58.3,67.5,51.2,4,0,1.6,4.4,5.3,2.05,D,1
STU1762,18,Female,Mechanical,3.7,72.5,91.2,50.0,57.6,3,1,4.5,7.3,21.1,2.3,C,1
STU1763,18,Female,Mechanical,7.1,95.9,63.7,58.1,58.2,0,0,2.6,7.6,1.2,2.33,C,1
STU1764,24,Male,Computer Science,4.6,91.5,46.7,59.9,45.6,2,1,5.5,7.8,4.2,1.82,D,0
STU1765,20,Female,Electronics,4.6,74.3,48.2,65.4,49.0,2,0,5.7,7.2,1.8,1.96,D,0
STU1766,25,Male,Mechanical,5.0,82.6,75.6,48.4,41.5,1,0,3.6,7.2,7.1,1.66,D,0
STU1767,18,Female,Electronics,6.5,79.6,61.6,58.4,54.4,4,0,3.8,6.4,3.4,2.18,D,1
STU1768,21,Male,Mechanical,4.4,76.4,80.7,54.8,56.9,0,0,4.2,7.6,1.3,2.28,C,1
STU1769,23,Male,Computer Science,4.3,80.3,78.7,72.7,53.6,5,0,3.3,8.8,8.9,2.14,D,1
STU1770,21,Female,Business,2.9,79.5,86.1,83.4,57.5,1,1,6.4,6.3,1.3,2.3,C,1
STU1771,20,Male,Mechanical,2.8,55.4,71.9,65.6,52.8,3,0,4.2,6.3,11.5,2.11,D,1
STU1772,24,Male,Mechanical,4.3,89.5,72.2,58.2,51.9,5,0,3.8,8.1,1.5,2.08,D,1
STU1773,25,Female,Mechanical,6.5,53.2,68.7,64.9,57.8,4,0,2.3,7.5,5.0,2.31,C,1
STU1774,21,Male,Electronics,4.9,82.2,71.2,68.1,47.5,2,1,3.3,6.0,5.8,1.9,D,0
STU1775,20,Female,Electronics,4.7,55.2,63.3,73.0,49.1,3,0,3.5,5.9,1.7,1.96,D,0
STU1776,22,Male,Civil,5.5,84.3,65.8,54.4,45.7,5,0,4.2,8.5,1.8,1.83,D,0
STU1777,20,Female,Electronics,4.9,97.3,65.1,66.7,56.1,0,1,4.7,7.1,4.2,2.24,C,1
STU1778,22,Male,Mechanical,5.4,89.1,66.9,62.3,58.0,3,0,2.1,7.0,3.0,2.32,C,1
STU1779,24,Female,Electronics,5.1,82.9,81.0,64.4,56.1,1,1,2.8,7.9,2.0,2.24,C,1
STU1780,18,Male,Business,6.1,85.5,64.2,55.0,54.1,1,0,2.7,6.4,14.2,2.16,D,1
STU1781,23,Male,Business,4.3,50.2,62.8,57.1,39.0,4,1,3.2,6.5,7.1,1.56,F,0
STU1782,22,Male,Computer Science,3.2,94.3,70.7,81.0,59.7,1,0,1.5,5.9,1.0,2.39,C,1
STU1783,20,Female,Computer Science,4.5,76.1,81.4,69.5,47.7,2,0,6.1,5.5,4.0,1.91,D,0
STU1784,21,Female,Electronics,5.1,69.4,87.6,79.8,57.7,1,0,5.3,7.1,1.5,2.31,C,1
STU1785,20,Male,Computer Science,4.6,78.4,44.8,63.5,42.8,0,0,1.2,7.6,1.1,1.71,D,0
STU1786,22,Female,Civil,2.3,69.7,70.1,26.3,22.1,2,1,2.9,9.2,1.9,0.88,F,0
STU1787,19,Male,Mechanical,5.6,84.0,80.9,37.4,48.3,3,0,2.6,5.6,2.8,1.93,D,0
STU1788,20,Female,Computer Science,3.4,67.0,72.1,66.2,39.9,1,0,3.5,7.2,19.6,1.6,F,0
STU1789,20,Female,Electronics,6.5,90.0,97.7,76.3,66.4,5,0,4.1,5.2,1.3,2.66,B,1
STU1790,23,Female,Electronics,3.6,86.8,76.0,70.4,45.3,2,0,2.9,7.7,7.2,1.81,D,0
STU1791,19,Female,Computer Science,5.4,94.6,62.1,52.9,50.1,1,1,3.0,6.3,2.0,2.0,D,1
STU1792,25,Male,Computer Science,8.5,91.4,83.5,100.0,62.8,3,1,3.1,7.3,3.1,2.51,C,1
STU1793,22,Female,Mechanical,2.6,71.6,68.5,42.6,52.1,2,1,2.9,8.3,3.7,2.08,D,1
STU1794,18,Female,Civil,4.6,85.8,50.6,55.4,52.5,2,1,3.1,7.1,6.0,2.1,D,1
STU1795,24,Male,Mechanical,4.2,59.4,71.0,58.5,49.2,0,0,0.0,7.9,4.6,1.97,D,0
STU1796,24,Male,Computer Science,6.0,74.3,72.8,80.6,44.2,1,0,2.4,6.7,20.7,1.77,D,0
STU1797,23,Male,Electronics,5.7,30.8,80.3,50.7,46.5,4,0,3.8,7.9,2.2,1.86,D,0
STU1798,25,Female,Mechanical,6.6,88.6,69.4,85.5,61.1,3,0,4.1,6.6,7.2,2.44,C,1
STU1799,18,Female,Business,6.6,78.3,62.0,51.0,49.4,5,1,5.1,7.5,2.7,1.98,D,0
